Date,high,low,close,open,volumek,gas,oil,coal,power,stock,pos,neg,trends
2021/1/4,34.45,33.14,33.89,33.14,1.25,59.45,51.09,69.3,52.98,400.2,0,0,20
2021/1/5,33.83,32.96,33.15,33.69,1.28,54.02,53.6,64.9,49.35,398.8,0.135,0.046,26
2021/1/6,33.88,33.02,33.83,33.71,0.43,52.95,54.3,64.25,49.93,406.1,0.305,0.192,20
2021/1/7,35,34.05,34.97,34.05,1.17,58.08,54.38,66.6,52.88,407.3,0.498,0.281,22
2021/1/8,35.35,34.55,35.14,35.21,1.6,60.69,55.99,68.5,55.43,408.5,0.543,0.109,18
2021/1/11,35.4,34.46,34.76,35.29,1.1,66.3,55.66,68.5,56.58,406.6,0,0,14
2021/1/12,35.59,34.44,34.88,34.6,1.31,77.43,56.58,70.5,59.23,406.7,0.237,0.122,30
2021/1/13,34.85,33.33,33.88,34.73,1.99,65.16,56.06,70.15,55.19,407.4,0.071,0.051,28
2021/1/14,33.97,32.99,33.76,33.77,1.62,63.15,56.42,69.9,53.99,410.1,0.186,0,38
2021/1/15,33.63,31.89,31.96,33.63,1.75,59.35,55.1,68.6,51.69,405.9,0.536,0.374,17
2021/1/18,32.51,31.56,31.84,31.83,1.21,54.86,54.75,67.25,51.69,407,0,0,23
2021/1/19,33.33,32.06,33.3,32.11,1.14,57.77,55.9,67.5,50.49,406.2,0.316,0.146,21
2021/1/20,33.84,33.02,33.12,33.49,0.7,57.44,56.08,67.5,51.07,409,0.576,0,25
2021/1/21,34.41,32.83,34.32,32.89,0.83,56.57,56.1,67.55,51.93,409.7,0.045,0.058,18
2021/1/22,34.45,33.77,34.45,34.27,1.39,60.15,55.41,67.5,52.56,406.2,0.573,0.255,21
2021/1/25,34.84,33.35,33.39,34.77,1.72,56.55,55.88,67.45,52.68,402.9,0,0.175,27
2021/1/26,33.74,33.05,33.56,33.13,1.27,54.1,55.91,67.65,52.72,406.5,0,0.53,32
2021/1/27,33.67,32.48,33.51,33.41,0.61,54.09,55.81,67.7,52.61,401.4,0.184,0.236,24
2021/1/28,34.16,33.15,34.17,33.81,1.06,58.24,55.53,67.8,52.7,401.7,0.378,0.103,23
2021/1/29,34.08,33.16,33.18,34,1.38,53.15,55.88,67.8,52.7,394.1,0.546,0.295,22
2021/2/1,33.58,32.85,33.08,33.19,0.62,48.24,56.35,65.6,49.11,399.4,0,0,22
2021/2/2,35.32,33.29,35.19,33.29,1.04,48.64,57.46,65.4,49.14,404.3,0.327,0.48,31
2021/2/3,38.04,35.07,37.65,35.15,2.59,47.23,58.46,63.75,48.27,405.3,0.42,0.083,43
2021/2/4,38.46,36.92,37.49,37.76,1.38,47.64,58.84,65,49.18,407.9,0.679,1.081,33
2021/2/5,38.9,37.43,38.43,37.6,1.08,48.17,59.34,66.45,51.55,408,0.618,0.577,25
2021/2/8,39.93,38.7,38.84,39.39,2.1,53.11,60.56,68.25,55.66,409.7,0,0.14,41
2021/2/9,38.89,37.8,38.49,38.39,2.05,49.73,61.09,68.6,55.51,408.6,0.289,0.036,20
2021/2/10,39.94,37.81,39.56,38.41,3.23,47.91,61.47,68,54.81,407.8,0.599,0.044,30
2021/2/11,40.31,38.63,39,39.5,12.72,44.43,61.14,67.35,53.83,409.6,0.362,0.072,21
2021/2/12,40.5,37.4,40.28,38.61,7.62,44.85,62.43,67,53.19,412.4,0.574,0.147,23
2021/2/15,40.88,39.73,39.81,40.18,3.76,41.58,63.3,65.3,53.19,418.2,0.106,0,21
2021/2/16,40.79,39.1,39.13,39.85,5.75,42.49,63.35,65.6,49.13,417.5,0.111,0.394,22
2021/2/17,39.66,38.35,38.4,39.25,3.99,41.81,64.34,65.35,48.85,414.4,0,0.275,21
2021/2/18,38.88,38.18,38.61,38.88,2.3,44.04,63.93,65.55,49.45,411.2,0.428,0.393,19
2021/2/19,38.95,37.68,37.7,38.37,3.89,42.1,62.91,65.95,49.26,414.3,0.273,0.862,19
2021/2/22,38.41,36.8,38.26,37.73,1.03,40.03,65.24,65.95,48.45,412,0,0,28
2021/2/23,39.04,37.74,38.97,38.51,2.29,40.66,65.37,65.9,48.49,409.5,0.276,0.236,30
2021/2/24,39.64,38.59,39.45,38.75,0.35,41.18,67.04,65.7,48.86,411.8,0.58,0.165,24
2021/2/25,39.83,38.63,38.57,39.83,1.1,40.29,66.88,65.8,48.67,410.8,0.25,0.056,29
2021/2/26,38.39,37.55,37.6,38.03,4.43,39.79,66.13,66.15,48.75,403.2,0.713,0.624,20
2021/3/1,38.43,37.43,37.45,38.16,2.67,40.92,63.69,65.4,42.29,411.1,0,0,26
2021/3/2,38.73,37.16,38.69,37.25,3.33,40.51,62.7,66.15,42.45,412.2,0.325,0.215,25
2021/3/3,38.75,37.49,37.82,38.72,2.72,38.79,64.07,65.7,42.08,412.4,0.563,0.252,0
2021/3/4,38.73,37.03,38.51,37.95,2.1,39.83,66.74,65.2,42.07,411.3,0.229,0.035,23
2021/3/5,39.45,38.16,39.36,38.6,1.7,41.25,69.36,65.25,42.95,407.6,0.352,0.466,27
2021/3/8,39.76,38.67,39.47,39.76,3.13,40.4,68.24,65.5,41.97,417.2,0.083,0,25
2021/3/9,41.1,39.4,40.98,39.57,1.61,42.78,67.52,66,43,420.5,0.243,0.182,28
2021/3/10,42.12,40.83,41.87,40.96,7.58,44.89,67.9,65.8,44.46,421.7,0.315,0.171,24
2021/3/11,43.02,41.35,42.27,42.01,9.37,46.58,69.63,65.8,45.42,423.9,0.894,0.041,25
2021/3/12,43.22,41.85,43.19,42.16,3.02,47.5,69.22,66.05,45.89,422.7,0.769,0.188,31
2021/3/15,43.65,42.42,42.73,42.44,8.3,45.29,68.88,66.35,46.88,422.7,0.133,0,24
2021/3/16,42.94,41.92,41.96,42.5,12.13,44.05,68.39,66.3,46.41,426.5,0.417,0.138,30
2021/3/17,43.4,42.1,43.34,42.33,5.37,45.17,68,67.55,47.91,424.9,0.342,0.587,29
2021/3/18,44.07,42.58,42.74,43.34,8.89,44.51,63.28,68.1,47.93,427,0.64,0,30
2021/3/19,42.64,41.6,42.31,42.4,2.72,43.1,64.53,68.45,47.27,425.81,0.697,0.614,26
2021/3/22,43.35,42.09,43.18,42.1,1.08,45.73,64.62,68.5,47.01,418.5,0,0,36
2021/3/23,43.11,41.67,41.78,43.02,3.18,46.67,60.79,68.5,47.42,417.9,0.293,0.212,27
2021/3/24,42.03,41.12,41.96,41.86,3.08,47.45,64.41,68.5,46.72,417.9,0.216,0.392,24
2021/3/25,41.95,40,40.71,41.84,3.48,47.25,61.95,68.5,47.03,417.5,0.539,0.305,37
2021/3/26,42.17,40.64,42.09,40.71,2.27,48.39,64.57,68.5,47.24,421.7,0.747,0.657,20
2021/3/29,42.64,41.19,42.2,41.84,1.12,47,64.98,70.6,47.17,422.9,0,0,30
2021/3/30,42.83,41.83,42.4,41.94,3.4,48.2,64.14,70,47.16,426,0.796,0.272,10
2021/3/31,43.1,42.37,42.89,42.48,1.3,46.8,63.54,70.05,47.19,425.3,0.468,0.107,25
2021/4/1,43.16,42.53,42.81,42.89,1.01,47.21,64.86,70.2,46.98,427.6,0.355,0.332,13
2021/4/5,42.81,42.81,42.81,42.81,1.01,47.21,62.15,70.2,46.98,427.6,0,0,13
2021/4/6,44.65,43.13,44.6,43.2,2.11,48.97,62.74,70.3,47.45,430.5,0.17,0.082,25
2021/4/7,44.72,43.9,44.23,44.72,1.34,47.96,63.16,68.8,47.12,430,0.316,0.325,34
2021/4/8,44.32,43.7,43.85,44.15,1.67,47.2,63.2,67.2,47.31,432.1,0.341,0.094,30
2021/4/9,44.15,43.54,44.03,43.9,1.43,46.86,62.95,67.55,49.07,432.7,0.558,0.433,24
2021/4/12,44.97,44.07,44.86,44.23,3.55,49.14,63.28,68.35,50.91,431,0,0,29
2021/4/13,45.04,44.15,44.24,44.97,2.31,48.6,63.67,68.85,51.2,431.3,0.634,0.038,22
2021/4/14,44.56,43.86,44.2,44.38,2.35,48.88,66.58,69.15,50.97,432.3,0.619,0.407,29
2021/4/15,44.9,44.27,44.55,44.32,1.5,50.39,66.94,70.2,52.17,434.5,0.26,0.431,31
2021/4/16,45.18,44.77,44.8,45.15,2.36,51.15,66.77,71.6,53.16,438.2,0.605,0,23
2021/4/19,45.31,44.29,44.74,44.9,2.55,52.48,67.05,71.5,53.19,438.7,0.036,0.265,0
2021/4/20,45.55,44.42,45.29,44.53,1.3,52.82,66.57,71.5,53.34,429.7,0.125,0.253,27
2021/4/21,46.89,45.3,46.32,45.31,2.4,52.82,65.32,71.5,53.55,433,0.923,0.219,26
2021/4/22,47.67,46.66,47.51,46.76,2.03,53.86,65.4,71.8,54.47,435.9,0.361,0.044,35
2021/4/23,47.53,46.53,47.38,47.45,2.56,50.72,66.11,71.8,54.43,435.2,0.899,0.23,30
2021/4/26,48.13,47.39,47.67,47.39,1.68,51.64,65.65,71.7,53.43,436.7,0,0,31
2021/4/27,48.28,46.84,47.78,47.5,1.36,54.8,66.42,71.85,53.56,435.9,0.105,0.059,34
2021/4/28,48.85,47.81,48.28,48.15,7.19,54.98,67.27,71.75,53.54,436.7,0.127,0.065,31
2021/4/29,48.65,47.65,48.51,48.31,2.96,57.89,68.56,71.9,53.61,435.7,0.613,0.27,25
2021/4/30,49.83,48.2,49.31,48.58,7.7,60.24,67.25,71.9,54.63,434.4,0.25,0.462,100
2021/5/3,50.34,49.59,49.9,49.59,0.7,60.24,67.56,78.65,52.84,437,0.14,0.119,30
2021/5/4,50.33,48.87,49.06,50.09,3.35,59.57,68.88,78.5,52.98,430.4,0.035,0,29
2021/5/5,49.96,49.1,49.91,49.32,9.53,61.7,68.96,80.05,54,439,0.692,0.058,35
2021/5/6,50.95,49.7,50.41,49.96,3.74,62.25,68.09,81.55,55.92,438.4,0.104,0.057,26
2021/5/7,51.58,49.9,50.93,50.58,2.97,61.23,68.28,82.5,55.06,442.6,0.96,0.538,35
2021/5/10,53.25,51.5,52.72,51.5,3.14,64.05,68.32,83.8,55.62,443.7,0.153,0,38
2021/5/11,53.94,51.9,53.55,52.38,4.22,65.62,68.55,84.8,55.01,434.3,1.191,0.691,42
2021/5/12,55.99,53.59,55.85,53.86,7.59,66.76,69.32,85.85,57.24,436.3,0.493,0.042,36
2021/5/13,55.45,53.83,55.04,55.36,4.29,66.92,67.05,85.7,57.37,435.7,0.447,0.358,18
2021/5/14,57.48,55.24,57.23,55.37,5.71,68.71,68.71,85.4,57.1,441.1,0.352,0.248,34
2021/5/17,57.37,56,56.97,57.02,6.41,67.23,69.46,84.5,56.78,441,0.249,0.11,36
2021/5/18,57.14,53.08,53.74,56.45,5.36,63.2,68.71,84.6,56.78,442.2,0.412,0.1,42
2021/5/19,53.6,49.3,50.35,52.92,13.6,57.73,66.66,84,53.21,435.1,0.213,0.068,43
2021/5/20,53.47,50.59,53.41,50.65,8.41,62.49,65.11,84.75,52.66,440.7,0.15,0.115,40
2021/5/21,54.34,51.74,52.43,52.75,5.66,62.74,66.44,85.2,52.9,443.6,0.302,0.405,34
2021/5/24,53.51,51.4,53.41,52.2,2.56,62.39,68.46,85.5,53.36,445.5,0,0,24
2021/5/25,54.27,52.83,53.83,53.81,4.14,66.14,68.65,85.75,53.78,444.9,0.324,0.14,28
2021/5/26,55.23,53.2,54.22,54.13,4.37,66.34,68.87,85.65,54.39,444.6,0.36,0.484,31
2021/5/27,54.14,51.58,52.39,53.59,2.11,62.87,69.46,85.75,54.02,445.9,0.233,0,23
2021/5/28,52.9,50.78,51.58,52.23,3.11,60.68,69.63,85.75,64.91,448.8,0.705,0.449,28
2021/5/31,52.42,51.88,52.24,52.38,5.89,60.68,69.32,93.2,64.91,446,0.237,0.124,25
2021/6/1,53.7,52.32,52.97,52.77,1.19,63.77,70.25,95.8,65.94,449.7,0.185,0,20
2021/6/2,52.55,51.44,51.94,52.52,3.93,62.63,71.35,96.4,65.05,450.8,0.695,0.219,35
2021/6/3,53.15,50.66,50.73,52.85,4.66,62.68,71.31,100.5,64.95,451.2,0.451,0.389,31
2021/6/4,51.95,49.8,50.47,50.61,2.28,62.71,71.89,101.25,64.58,452.3,0.44,0.202,30
2021/6/7,52.5,49.83,51.97,49.83,0.24,64.45,71.49,106,67.23,453.7,0,0.205,32
2021/6/8,53.1,52.07,52.58,52.33,4.05,67.74,72.22,105.75,68.25,454.2,0.161,0.12,35
2021/6/9,54.6,52.81,53.9,53,2.84,69.29,72.22,108.25,68.12,454.5,1.264,0.35,34
2021/6/10,54.33,53.05,54.15,53.62,1.67,70.28,72.52,110,69.23,454.7,0,0.137,25
2021/6/11,54.2,52.8,53.07,53.95,2.34,67.6,72.69,110,68.1,457.6,0.752,0.54,24
2021/6/14,54.36,52.94,53.29,53.43,1.42,70.23,72.86,109,69.57,458.5,0.594,0.283,29
2021/6/15,53.01,51.43,51.76,53.01,5.3,68.87,73.99,108,68.65,458.9,0.378,0,28
2021/6/16,52.7,51.15,51.72,51.9,3.02,68.41,74.39,108,69.39,460.1,0.327,0.517,22
2021/6/17,51.75,50.76,51.28,51.33,1.93,68.88,73.08,107.8,68.85,459.4,0.188,0.241,22
2021/6/18,52.41,51.61,52.26,51.7,1.58,71.83,73.51,107.75,70.8,458.61,0.614,0.265,15
2021/6/21,53.31,51.99,52.78,52.16,3.48,72.54,74.9,107,72.02,453.1,0,0,32
2021/6/22,53.81,53.16,53.76,53.23,4.31,74.95,74.81,107.25,73.23,454.8,0.17,0,25
2021/6/23,55.2,53.88,55.03,53.99,6.79,76.9,75.19,108,73.53,451.4,0.587,0.762,33
2021/6/24,55.73,54.66,55.49,54.85,5.72,78.81,75.56,108.25,74,455.1,0.601,0.064,39
2021/6/25,56.16,55.3,55.48,55.67,8.06,79.88,76.18,108.5,74.26,455.9,1.023,0.451,23
2021/6/28,56.31,55.05,55.9,55.89,6.24,79.6,74.68,113.15,73.99,452.7,0,0.167,29
2021/6/29,56.57,55.61,56.04,55.75,2.37,82.79,74.76,115.05,74.08,454.7,0.959,0.232,31
2021/6/30,57.03,55.62,56.78,55.8,5.06,85.87,75.13,120.75,85.16,451.2,0.351,0.148,33
2021/7/1,59,57.02,58.06,57.09,3.68,89.58,75.84,122.25,88.85,453.6,0.29,0.406,30
2021/7/2,58.77,57.56,57.76,58.41,1.4,88.94,76.17,123.6,88.46,454.7,0.559,0.31,24
2021/7/5,58.69,57.97,58.28,58.02,0.75,93.22,77.16,127.25,88.46,456.6,0.063,0,25
2021/7/6,58.58,52.68,54.44,58.56,3.61,83.54,74.53,123.8,86.6,453.6,0.49,0,34
2021/7/7,55.37,52.9,53.03,53.93,2.74,79.23,73.43,124.65,86.14,457.5,0.763,0.498,38
2021/7/8,53.6,51.32,52.77,53.11,3.48,82.15,74.12,125.5,84.58,449.7,0.11,0.174,30
2021/7/9,54.86,53.3,54.67,53.55,3.59,90.02,75.55,126.8,84.61,455.7,0.908,0.591,26
2021/7/12,54.22,51.95,52.12,54.22,2.07,84.73,75.16,126.65,85.92,459.4,0,0,32
2021/7/13,53.7,51.7,53.26,52.15,2.09,87.09,76.49,131.1,85.16,459,0.536,0.064,35
2021/7/14,55.88,52.05,53.78,52.81,2.44,85.29,74.76,131.75,85.07,458.9,0.616,0.116,53
2021/7/15,53.9,52.3,53.37,52.8,2.6,83.13,73.47,132,84.52,454.4,0.733,0.393,36
2021/7/16,53.98,52.74,53.28,53.59,3.01,85.48,73.59,132.6,85.27,452.7,0.456,0.8,34
2021/7/19,54.35,52.4,52.81,53,3.87,88.38,68.62,133.1,86.52,442.3,0.414,0,46
2021/7/20,52.81,50.87,51.59,52.72,2.65,87.65,69.35,132.1,85.15,444.7,0.242,0.109,51
2021/7/21,52.65,51.3,52.51,51.82,5.73,89.68,72.23,132.6,84.92,452.4,0.346,0.441,32
2021/7/22,52.58,50.46,51.16,52.04,4.19,89.68,73.79,131.9,84.39,454.8,0.145,0.128,31
2021/7/23,51.31,50.37,51.26,50.4,5.45,88.44,74.1,132.3,84.12,460.2,0.575,0.586,30
2021/7/26,53.71,50.96,53.57,51.1,1.44,92.99,74.5,132.1,82.14,459.3,0,0,31
2021/7/27,54.06,53.2,53.28,54,2.39,95.79,74.48,132.6,82.42,457,0.158,0.168,26
2021/7/28,54.53,53.54,54.2,53.54,1.21,100.87,74.74,132.9,82.63,460.1,0.518,0.575,24
2021/7/29,54.69,53.51,54.41,54.42,1.89,104.6,76.05,132.9,81.89,462.2,0.44,0.118,23
2021/7/30,54.24,53.2,53.69,54.15,1.35,103.75,76.33,132.9,81.37,460.6,0.816,0.882,22
2021/8/2,55.56,53.46,54.79,53.47,2.01,107.38,72.89,139.7,84.11,463.1,0,0,22
2021/8/3,55.48,54.42,54.55,54.75,1.2,104.59,72.41,140.05,84.82,464.1,0.749,0.104,30
2021/8/4,55.93,54.55,55.82,54.88,1.19,106.92,70.38,141.1,84.46,466.6,0.794,0.082,30
2021/8/5,56.48,55.05,56.34,55.95,1.86,108.56,71.29,142.15,83.48,468.7,0.833,0.525,20
2021/8/6,57.3,56.54,57.02,56.63,1.83,108.04,70.7,143.9,84.84,468.7,0.905,0,17
2021/8/9,57.7,56.25,56.98,56.9,2.14,107.28,69.04,145.75,83.23,469.6,0,0,22
2021/8/10,57.92,56.96,57.77,57.45,1.75,111.55,70.63,146,83.91,471,0.715,0.489,22
2021/8/11,58.53,56.34,58.14,57.37,2.38,114.46,71.44,147.6,84.36,472.9,0.51,0.182,25
2021/8/12,58.4,56.3,56.63,57.99,1.92,113.77,71.31,150,84.14,474,0.189,0.453,24
2021/8/13,56.73,55.58,55.74,56.73,1.51,110.89,70.59,149.7,84.06,475,0.468,0.367,22
2021/8/16,58.6,55.46,58.52,55.5,0.92,119.06,69.51,151.85,84.5,472.3,0.067,0.073,26
2021/8/17,58.58,57.37,57.56,58.28,3.41,116.65,69.03,149.9,84.04,472.8,0.132,0.126,27
2021/8/18,58.37,55.73,57.45,57.42,3.12,111.61,68.23,149.95,83.96,473.6,0.39,0.298,22
2021/8/19,57.3,52.86,53.84,57.3,10.11,99.74,66.45,145.9,81.69,466.2,0,0.163,19
2021/8/20,55.2,53.82,54.72,54.03,4.13,104.76,65.18,144.5,81.55,468,0.257,0.192,21
2021/8/23,56.55,55.26,55.67,55.53,5.65,103.21,68.75,148.35,80.57,471.7,0,0,28
2021/8/24,57.18,55.79,56.97,56.08,2.99,111.3,71.05,148.5,80.99,471.1,0.172,0.083,17
2021/8/25,57.42,56.19,56.87,56.98,2.41,113.33,72.25,148.9,81.71,471.1,0.244,0,26
2021/8/26,57.86,55.97,57.19,56.65,1.32,115.1,71.07,149,81.3,469.9,0.226,0.118,24
2021/8/27,60.25,57.84,59.32,57.84,7.8,120.97,72.7,148.95,81.75,472,0.061,0.296,26
2021/8/30,61.29,60.15,61.08,60.31,4.29,120.97,73.41,149.05,82.7,472.5,0,0,25
2021/8/31,61.25,60.26,61.07,60.56,3.09,127.71,72.99,153.75,99.47,469.7,0.298,0.061,20
2021/9/1,62.18,60,60.42,61.14,7.52,127.75,71.59,156.25,102.05,472.6,0.387,0.073,25
2021/9/2,62.03,59.89,61.83,60.62,1.92,132,73.03,162.2,107.72,474.6,0.694,0.179,35
2021/9/3,62.75,61.44,61.63,61.69,3.37,130.45,72.61,165.15,109.17,471.8,0.507,0.062,30
2021/9/6,63.47,62.17,62.61,62.48,2.32,134.11,72.22,168,109.17,474.9,0.092,0.039,34
2021/9/7,63.16,61.96,62.28,63.03,4.4,136.44,71.69,168.2,115.6,472.9,0.48,0.163,37
2021/9/8,63.61,62.27,62.74,62.71,4.77,139.66,72.6,169,117.4,467.9,0.577,0.313,44
2021/9/9,63.36,62.17,63.04,62.55,3.45,142.15,71.45,169.7,119.73,467.4,0.324,0.354,22
2021/9/10,63.17,60.95,61.22,63.13,2.94,145.52,72.92,170.85,123.34,466.1,0.285,0.071,26
2021/9/13,62.99,61.2,61.37,61.23,5.21,153.26,73.51,171.7,130.29,467.7,0.136,0.102,35
2021/9/14,62.25,59.6,60.16,61.8,7.05,164.95,73.6,171,135.15,467.6,1.145,0.35,49
2021/9/15,61.71,59.1,60.18,60.51,5.1,177.3,75.46,169.5,143.05,464.5,0.227,0.091,33
2021/9/16,60.98,58.64,59.63,59.61,5.51,158.38,75.67,166.9,142.65,466.1,0.15,0,40
2021/9/17,60.48,59.44,59.82,59.93,6.71,162.8,75.34,168.6,129.21,465.83,0.885,0.526,26
2021/9/20,61.36,58.88,61.02,59.59,8.92,189.65,73.92,171.05,131.9,451.5,0.054,0,15
2021/9/21,61.5,60.21,60.5,60.95,2.43,186.1,74.36,171.4,130.95,455.9,0.921,0.251,28
2021/9/22,61.05,60.2,60.94,60.64,5.54,181.11,76.19,172,129.46,460.9,0.067,0,39
2021/9/23,61.47,59.5,60.89,60.96,6.07,174.49,77.25,172.85,130.16,465.3,0.878,0.616,28
2021/9/24,64.5,60.29,63.29,60.85,4.84,175.95,78.09,172.5,129.2,461.1,0.665,0.396,24
2021/9/27,65.33,64,64.72,64.25,6.05,190.38,79.53,201.75,128.15,460.5,0.497,0.107,28
2021/9/28,66,62.07,62.29,65.75,8.3,195.38,79.09,202.3,128.09,450.7,0.068,0.106,36
2021/9/29,63.5,61.74,63.28,63.46,7.27,215.1,78.64,208.5,128.37,453,0.647,0.363,35
2021/9/30,63.27,60.73,62.16,63.27,5.41,251.18,78.52,218.65,160.46,453.8,0.129,0.201,32
2021/10/1,64.15,61.53,62.45,62.25,2.89,241.26,79.28,233.05,175.89,450.4,0.672,0.303,24
2021/10/4,64.9,62.71,63.82,63.27,3.33,245.87,81.26,247.75,183.65,449.1,0.405,0,22
2021/10/5,65.8,64.2,65.16,64.25,9.91,293.91,82.56,274.5,206.49,454.2,0.42,0.476,40
2021/10/6,65.16,59.35,59.58,65.16,12.72,273.45,81.08,237.1,203.22,449.2,0.708,0.239,37
2021/10/7,61.11,58.2,60.81,60.18,9.85,245.51,81.95,232.65,176.22,456.9,0.228,0.13,29
2021/10/8,61.15,58.3,58.76,60.49,6.56,222.21,82.39,230,162.12,455.8,0.915,0.575,38
2021/10/11,60.66,58.49,59.58,58.67,2.33,216.58,83.65,241.5,148.08,455.3,0,0,36
2021/10/12,59.91,58.91,59.34,59.52,3,217.12,83.42,243.15,146.6,455.4,0.306,0.146,39
2021/10/13,60.54,58.65,59.45,59.42,5.22,235.75,83.18,244.95,153.23,459.1,0.301,0.293,36
2021/10/14,62.08,59.79,61.79,59.79,10.06,257.61,84,243.65,149.53,464.6,0.426,0,36
2021/10/15,62.19,58.62,59.79,62.16,4.22,234.36,84.86,240.05,153.07,467.8,1.033,0.286,26
2021/10/18,60,57.64,58.92,58.93,4.49,237.32,84.33,238.65,139.6,465.6,0,0,35
2021/10/19,58.69,54.45,54.92,58.26,7.93,225.91,85.08,234.5,138.54,467.4,0.15,0.265,39
2021/10/20,58.48,55.48,58.14,55.48,6.45,233.81,85.82,232.6,143.65,468.7,0.297,0.314,43
2021/10/21,58.99,56.9,58.37,57.8,12.64,221.4,84.61,228.5,145.85,468.2,0.57,0.417,28
2021/10/22,60.53,58.44,58.64,58.51,4.74,219.22,85.53,231.25,153.2,470.9,0.536,0.508,26
2021/10/25,60.11,58.92,59.35,59.51,4.84,223.23,85.99,237.15,143.2,471.4,0,0,35
2021/10/26,60.54,59.14,60.16,59.68,5.47,221.59,86.4,234,142.63,474.6,0.36,0,37
2021/10/27,60.45,59.2,60.27,60,4.64,218.59,84.58,232.85,141.5,472.6,0.505,0.175,24
2021/10/28,59.84,58.32,58.94,59.73,3.46,192.09,84.32,233,140.27,473.5,0.176,0.213,34
2021/10/29,59.87,58.5,59.08,59.3,6.87,165.98,84.38,232.65,151.25,474.3,0.294,0.659,26
2021/11/1,60.78,57,57.29,59.41,4.7,167.47,84.71,136,151,478,0.2,0,30
2021/11/2,60,57.5,59.79,57.7,15.25,173.28,84.72,139.75,153.4,478.4,0.132,0.512,31
2021/11/3,60.67,59.42,60.15,59.86,6.88,196.72,81.99,149.5,153.2,479.8,0.055,0.136,24
2021/11/4,61.76,59.25,60.18,59.76,5.61,189.51,80.54,148,159.62,482.1,0.359,0.059,23
2021/11/5,61.53,59.63,59.73,60.23,8.23,191.43,82.74,148.25,159.32,482.3,0.575,0.737,26
2021/11/8,61.43,60.16,60.96,60.27,10.61,202.9,83.43,157.5,153.03,482.8,0.351,0,26
2021/11/9,61.7,60.23,60.75,60.35,6.8,187.18,84.78,152,152.29,481.6,0.254,0.077,29
2021/11/10,63.58,60.31,63.48,60.45,8.93,179.98,82.64,142.1,148.27,482.6,0.477,0.106,23
2021/11/11,64.22,62.4,64.02,63.12,4.9,193.33,82.87,142,151.48,484.5,0.496,0.362,32
2021/11/12,64.81,63.43,63.58,63.98,4.86,194.05,82.17,139,155.26,486.3,0.489,0.332,19
2021/11/15,67.27,63.94,66.22,63.94,9.55,204.79,82.05,138.65,163.09,487.4,0,0,31
2021/11/16,68.1,66.57,67.83,66.8,8.17,239.91,82.43,141.5,171.78,488.9,0.357,0,38
2021/11/17,68.73,67.1,67.45,68.15,10.94,239.01,80.28,142.95,182.26,489.4,0.298,0.205,45
2021/11/18,69.49,66.62,69.38,67.57,9.09,239.8,81.24,144.75,176.91,487,0.181,0.049,30
2021/11/19,70.1,68.9,69.65,69.47,6.42,219.51,78.89,145.25,174.49,485.9,0.317,0.639,27
2021/11/22,71.48,69.59,70.22,70.09,7.51,211.17,79.7,146.5,175.49,485.4,0,0,32
2021/11/23,70.93,69.1,69.49,70.3,12.72,229.05,82.31,150,173.92,479.4,0.309,0.304,31
2021/11/24,73.48,69.25,73.23,69.93,13.3,235.37,82.25,149.6,180.05,479.7,0.62,0.117,36
2021/11/25,75.37,72.5,74.79,73.58,13.11,233.66,82.22,148,180.05,481.3,0.278,0.161,36
2021/11/26,74.51,70.7,73.12,74.38,7.14,222.08,72.72,148,177.73,463.2,0.809,0.47,29
2021/11/29,76.06,74.2,74.54,74.2,13.08,236.04,73.44,127,176.15,467,0.25,0.052,37
2021/11/30,75.81,73.54,75.73,74.12,14.83,238.31,70.57,111.1,223,463.7,0.417,0.219,40
2021/12/1,78.76,75.6,77.2,75.95,10.85,244.53,68.87,123.1,217.93,470.9,0.492,0.07,52
2021/12/2,80.35,76.5,80.25,76.51,15.68,242.09,69.67,124.25,213.4,465.4,0.213,0.114,36
2021/12/3,80.8,78.38,78.64,80.41,12.64,228.9,69.88,121.5,215.7,461.8,0.784,0.362,33
2021/12/6,82.17,78.74,81.65,79.14,15.71,230.08,73.08,122.2,207.4,469.3,0,0,39
2021/12/7,85.94,82.3,85.34,82.3,19.74,243.98,75.44,129.1,211.24,480.2,0.344,0.064,43
2021/12/8,91.19,85.51,89.41,85.64,27.84,260.33,75.82,134.55,231.13,477.6,0.577,0,37
2021/12/9,90.75,80.4,80.88,90.25,29.01,256.11,74.42,134.9,222.2,476.7,0.378,0.208,39
2021/12/10,84.5,80.48,84.37,81.08,29.31,268.8,75.15,134.9,219.94,475.5,0.762,0.406,36
2021/12/13,87.4,82.2,82.72,84.8,18.39,294.54,74.39,136.5,242.12,473.4,0,0,35
2021/12/14,83.88,78.9,80.12,82.32,21.06,323.4,73.7,140.55,240.98,470.2,0.882,0.086,37
2021/12/15,82.24,80.1,81.19,80.35,28.37,335.06,73.88,141.7,244.11,470.8,0.444,0.129,27
2021/12/16,86.05,81.12,85.71,82.18,34.66,359.48,75.02,147.9,263.08,476.9,0.853,0.756,34
2021/12/17,85.25,73.25,74.02,85.25,42.72,344.9,73.52,146,247.75,473.33,1.311,0.982,42
2021/12/20,81.75,73.42,80.09,74,28.04,371.83,71.52,146,238.2,464.5,0,0,20
2021/12/21,82.85,78.09,80.94,80.52,18.01,451.72,73.98,147,253.74,471.2,0.716,0.237,41
2021/12/22,80.17,75.45,76.83,80.07,31.5,432.34,75.29,146.95,252.22,475.1,0.329,0.196,22
2021/12/23,77.75,74.25,74.46,77.5,19.47,325.6,76.85,142.75,244.3,480.9,0.712,0.758,34
2021/12/24,76.87,74.51,76.31,74.7,2.38,267.82,76.14,142,244.3,480.9,0.334,0.339,0
2021/12/27,77.13,75.04,76.92,75.87,3.63,267.82,78.6,140.7,223.67,484.3,0,0,23
2021/12/28,79.69,76.21,79.29,76.8,4.61,267.82,78.94,135.6,222.94,488,0,0,12
2021/12/29,80.87,78.11,80.36,79.13,13.84,233.18,79.23,138.35,222.16,485.6,0,0,22
2021/12/30,80.65,79.25,80.16,80.5,8.54,210.34,79.32,138,221.06,486.5,0,0,17
2021/12/31,81.25,79.55,80.65,79.98,3.69,170.64,77.78,137.55,221.44,486.5,0,0,0
2022/1/3,84.4,79.8,84.01,79.8,9.98,170.64,78.98,120,187.94,489.3,0,0.145,56
2022/1/4,86.8,83.81,84.91,83.95,17.53,216.57,80,130.1,194.95,491.5,0.029,0,94
2022/1/5,88.55,85.27,87.58,85.9,20.64,223.45,80.8,137.3,190.46,492.2,0.457,0.221,36
2022/1/6,87.8,85.33,86.74,87.47,13.39,235.2,81.99,143.5,195.76,484.9,0.622,0,29
2022/1/7,87.61,85.21,85.42,86.8,15.83,214.96,81.75,140.2,192.46,483.7,0.45,0.369,37
2022/1/10,87,79.8,80.09,86.12,30.95,205.88,80.87,138.55,183.42,477.6,0,0,51
2022/1/11,84.45,80.12,81.3,81.4,23.49,190.23,83.72,136,177.36,480.8,0.283,0.167,40
2022/1/12,83.24,79.15,80.01,82.7,20.17,179.98,84.67,139,171.55,483.8,0.44,0.445,34
2022/1/13,81.43,77.55,80.56,80.2,25.06,204.97,84.47,148.9,171.04,483.8,0.129,0.163,100
2022/1/14,83.75,81.5,82.08,82.05,24.95,208.13,86.06,154,173.18,478.7,1.128,1.347,28
2022/1/17,82.75,79.88,80.58,82.7,15.8,184.35,86.48,156,173.18,482.4,0.193,0,32
2022/1/18,82.97,79,82.67,80.4,46.23,187.52,87.51,162.3,171.46,478,0.441,0.402,43
2022/1/19,82.8,80.8,82.09,82.8,31.78,180.73,88.44,161.75,172.15,478.1,0.56,0.294,28
2022/1/20,85.97,80.53,85.59,81.34,31.23,179.13,88.38,159.5,165.81,480.9,0.582,0.333,46
2022/1/21,85.65,83.28,84.47,85.21,20.16,189.31,87.89,162.05,168.24,471.8,1.03,0.379,24
2022/1/24,86.45,83.02,84.02,84.4,26.65,224.74,86.27,163.25,168.21,454.5,0,0,75
2022/1/25,88.1,83.61,87.45,84.3,28.18,225.36,88.2,164.6,166.59,457.8,0.56,0.542,40
2022/1/26,90,86.63,88.66,87.37,28,219.17,89.96,165.95,166.58,465.4,0.352,0.649,37
2022/1/27,89.95,87.9,89.76,87.9,21.72,219.96,89.34,165.95,168.74,467.3,0.758,0,40
2022/1/28,90.63,88.88,89.22,89.4,19.66,219.42,90.03,166.5,168.1,463.6,0.766,0.519,33
2022/1/31,89.95,88.1,89.24,89.37,17.72,203.08,91.21,178.25,180.2,466,0.043,0.035,34
2022/2/1,89.94,87.16,89.52,89.74,22.35,180.79,89.16,174.5,165.07,472.2,0.567,0.474,37
2022/2/2,94.62,89.6,94.21,90,40.36,183.9,89.47,177.3,172.43,475.2,0.463,0.477,43
2022/2/3,94.94,93.1,94.81,94.25,22.09,192.76,91.11,177.45,163.27,466.1,1.084,0.42,50
2022/2/4,97.5,94.44,96.45,94.89,27.89,200.49,93.27,183,162.74,459.8,0.946,0.453,38
2022/2/7,96.8,93.7,96.7,96.62,24.3,193.83,92.69,182.5,143.95,463.8,0,0,45
2022/2/8,98.49,95.25,96.93,97,30.32,185.99,90.78,186.1,140.68,463.3,0.304,0.725,46
2022/2/9,97.6,90.26,90.79,96.29,35.63,179.54,91.55,187.75,139.29,471.2,0.165,0.056,39
2022/2/10,93.42,89.25,90.78,91.45,28.87,178.16,91.41,188.15,136.58,470.3,0.377,0.644,38
2022/2/11,93.38,88.5,92.87,90.5,24.98,185.86,94.44,189.5,130.14,467.4,0.793,0.983,38
2022/2/14,94,89.9,91.76,93.7,23.37,193.02,96.48,190.35,125.48,458.7,0,0,45
2022/2/15,92.75,90.31,91.14,91.48,26.15,170.89,93.28,186.65,124.22,465.1,0.268,0.293,60
2022/2/16,91.21,87.77,89.86,90.29,31.05,166.92,94.81,183.65,120.5,466.1,0.242,0.043,54
2022/2/17,90.45,85.8,86.44,89.84,31.59,179.67,92.97,183.05,121.68,462.7,0.362,0.337,50
2022/2/18,89.66,86.16,89.47,86.16,21.37,176.49,93.54,184.1,121.13,459,0.827,0.57,45
2022/2/21,90.95,88.02,89.68,89.07,19.95,173.53,95.39,185.15,121.13,452.6,0.132,0.206,37
2022/2/22,90.28,88.1,89.77,89.9,22.31,190.99,96.84,189,126.06,452.9,0.456,0.138,39
2022/2/23,95.56,89.54,95.07,89.79,30.15,213.33,96.84,190.65,126.42,452.1,0.226,0.294,43
2022/2/24,95,86.15,87.03,95,49.74,321.97,99.08,193.1,130.68,437.3,0.456,0.125,40
2022/2/25,89.7,87.06,88.14,88.24,20.87,225.55,97.93,193,127.53,452,1.037,0.866,26
2022/2/28,86,80.12,82.21,85.94,36.02,237.78,100.99,254.25,219.43,451.4,0.058,0.063,41
2022/3/1,84.43,66,68.85,82.6,78.66,289.98,104.97,315,228.89,441.1,0.325,0.494,48
2022/3/2,70.96,55,68.49,70.55,78.46,394.05,112.93,436.5,294.18,445.9,0.663,0.589,47
2022/3/3,69.49,63.49,67.35,68.7,40.64,384.05,110.46,353.75,311.87,436,0.884,0.752,45
2022/3/4,68.74,64.3,65.1,66,35.93,460.27,118.11,432.5,380.85,420.6,0.918,1.134,39
2022/3/7,64.29,56.82,58.3,64.29,47.75,539.53,123.21,425.2,412.19,416.1,0,0,42
2022/3/8,69.29,56.5,68.51,57.4,38.5,511.44,127.98,439,387.1,414.3,0.422,0.847,42
2022/3/9,74.67,67.22,73.18,68.02,36.12,373.58,111.14,418,318.68,431.7,0.644,0.277,35
2022/3/10,76.68,69.52,76.41,72.53,32.7,296.89,109.33,367.5,294.56,425.5,0.549,0.658,40
2022/3/11,78,73.71,76.76,75.93,22.27,311.06,112.67,363.95,274.53,430.9,1.112,0.488,35
2022/3/14,81.5,75.81,78.28,76,19.37,270.92,106.9,357.35,256.07,436,0.115,0.263,36
2022/3/15,79.15,75.01,77.43,77,24.73,274.4,99.91,336.25,258.25,434.8,0.796,0.465,36
2022/3/16,79.11,75.25,78.16,77.51,22.57,240.81,98.02,312,248.67,448.3,0.719,0.757,31
2022/3/17,80.19,76.32,79.89,79.18,23.82,249.78,106.64,316,248.55,450.6,0.585,0.059,39
2022/3/18,80,78.32,78.89,80,19.04,246,107.93,324,248.57,448.54,0.562,0.501,36
2022/3/21,79.74,77.52,78.39,78.72,13.94,225.31,115.62,318.2,248.47,447.3,0,0,33
2022/3/22,81.4,78.61,80.67,79.05,18.47,233.6,115.48,323,248.03,450,0.586,0.352,32
2022/3/23,81.3,75.85,76.6,80.9,30.57,277.5,121.6,326.85,252.06,445.9,0.846,0.879,26
2022/3/24,79.24,75.9,78.24,76.62,16.43,264.82,119.03,325.05,256.19,446,0.389,0.208,32
2022/3/25,79.06,77.23,78.6,78.26,18.5,236.61,120.65,324.85,252.38,446.2,1.29,1.053,22
2022/3/28,81.99,77.87,80.81,78.7,22.02,245.77,112.48,270.4,252.81,447.7,0.194,0,35
2022/3/29,81.99,80.17,81.7,80.9,25.58,263.42,110.23,268.3,252.42,454.5,0.293,0.083,32
2022/3/30,81.62,76.8,78.31,81.05,37.77,283.23,113.45,271.65,252.01,452,0.66,0,28
2022/3/31,80.5,75.35,76.48,78.51,35.66,299.32,107.91,273,233.09,449.4,0.426,0.382,41
2022/4/1,79.88,76.34,78.49,77,16.91,257.32,104.39,265.4,210.97,451.2,1.201,0.802,24
2022/4/4,79.4,77.14,78.5,78.22,15.61,244.06,107.53,262,184.06,455.7,0.042,0.301,34
2022/4/5,78.94,77.44,78.05,78.76,17.9,242.24,106.64,290.1,181.44,455.1,0.54,0.411,36
2022/4/6,79.56,76.71,77.18,78.01,19.74,239.42,101.07,290.65,181.35,448.6,0.15,0.351,46
2022/4/7,80.4,76.34,79.94,77.17,19.5,233.49,100.58,280.7,177.11,448,0.602,0.393,30
2022/4/8,80.98,79.51,80.09,79.63,13.93,228.54,102.78,295,175.66,454.1,1.262,0.618,35
2022/4/11,80.16,77.55,77.95,79.75,16.22,213.01,98.48,300,178.33,451.7,0.065,0.092,27
2022/4/12,79.29,76.85,79.01,77.65,16.03,211.15,104.64,320,177.34,451,0.577,0.34,28
2022/4/13,79.17,77.23,77.44,79.17,15.19,213.09,108.78,321.35,175.6,450.2,0.479,0.204,19
2022/4/14,80.25,77.38,79.97,77.38,15.28,177.25,111.7,322.55,173.53,454.2,0.681,0.271,28
2022/4/19,80.95,79.52,80.2,80.14,18.38,173.33,107.25,322.5,162.91,450.9,0,0,30
2022/4/20,88.5,79.79,87.82,80.44,30.56,177.88,106.8,327.35,163.47,454.8,0.403,0.03,42
2022/4/21,87.69,85.58,86.44,86.5,14.75,188.87,108.33,326.85,166.78,456.8,0.271,0.11,37
2022/4/22,89.89,85.75,88.99,85.99,22.33,171.39,106.65,326.65,165.83,448.1,0.529,0.584,23
2022/4/25,88.32,82.3,83.46,88.09,24.04,153.39,102.32,326,164.97,440.1,0.23,0.037,40
2022/4/26,85.25,81.95,82.71,84.58,22.85,163.56,104.99,324.75,164.58,436.4,0.708,0.362,31
2022/4/27,81.94,78.8,81.01,81.25,22.3,149.64,105.32,323.55,165.39,438.7,0.216,0.218,29
2022/4/28,83.67,79.9,82.68,81.48,20.23,128.66,107.59,322.85,165.5,442.1,0.377,0.665,30
2022/4/29,85.84,82.29,84.45,82.97,16.07,163.68,109.34,322.85,165.73,445.8,1.157,0.827,25
2022/5/2,84.9,82.44,83.04,83.59,10.84,163.68,107.58,322.85,192.29,437.4,0,0,31
2022/5/3,89.06,82.72,88.19,83.3,23.53,156.17,104.97,283.1,196.84,442,0.339,0.148,33
2022/5/4,89.32,85.97,88.31,88.15,24.45,159.2,110.14,311.5,200.35,437.7,0.496,0.197,30
2022/5/5,91.99,86.82,88.91,88.7,27.93,166.23,110.9,321,202.82,434.5,0.638,0.453,33
2022/5/6,92.45,88.4,91.54,89.27,23.56,137.5,112.39,319.5,194.5,427.8,1.348,0.546,22
2022/5/9,92.22,86.52,87.02,91.37,29.9,128.71,105.94,310.85,187.96,414.8,0,0,31
2022/5/10,88.69,85.75,87.34,87,20.37,145.77,102.46,313.15,184.86,417.5,0.473,0.583,25
2022/5/11,90.04,81.9,88.83,87.51,30.32,139.74,107.51,319,184.81,424.4,0.169,0.371,40
2022/5/12,89.05,86.71,88.26,88.58,22.74,175.55,107.45,325.5,193.3,422.2,0.478,0.707,32
2022/5/13,90.5,87.6,88.48,88.07,13.9,148.45,111.55,319,187.75,431.2,1.4,0.48,25
2022/5/16,90.35,87.63,89.56,87.7,14.99,172.26,114.24,324,185.37,431,0,0,29
2022/5/17,92.75,89.61,91.72,90.4,19.89,185.23,111.93,329.35,186.8,436.8,0.609,0.101,38
2022/5/18,90,82.77,84.64,88.92,32.16,181.98,109.11,331.8,185.52,431.8,0.359,0,38
2022/5/19,85.55,80.16,83.18,84.57,28.7,168.74,112.04,332,181.84,425.9,0.512,0.681,35
2022/5/20,84.2,80.16,80.39,83.5,19,147.96,112.55,336.35,181.03,429.3,0.522,0.65,45
2022/5/23,82.67,77.8,78.15,80.16,19.45,135.03,113.42,332.35,175.93,434.6,0,0,44
2022/5/24,82.66,77.38,81.32,78.12,19.83,136.67,113.56,331.05,176.57,430.5,0.33,0.904,44
2022/5/25,82.63,80.29,81.4,80.84,13.83,148.88,114.03,330.65,176.74,434.3,0.28,0.361,44
2022/5/26,85.21,81.11,84.76,81.15,23.61,144.45,117.4,330.6,176.79,438.5,0.439,0.141,48
2022/5/27,85.33,83.45,84.2,84.87,12.45,153.36,119.43,329.75,176.14,443.6,0.711,0.515,37
2022/5/30,85.05,83.09,83.97,84.36,11.27,165.91,121.67,306,176.14,446.1,0,0,46
2022/5/31,85,83.5,84.02,84,12.54,183.71,122.84,333,195.17,442.1,0.238,0.372,62
2022/6/1,87.64,83.81,86.08,84.22,13.34,159.84,116.29,326.15,186.35,438.1,0.394,0.186,43
2022/6/2,88.64,85.62,86.34,86.15,8.33,159.84,117.61,327.15,182.31,441.5,0.167,0.378,53
2022/6/3,87.33,85.99,86.87,86.34,4.57,159.84,119.72,327.15,177.2,439.7,0.189,0.208,46
2022/6/6,87.21,81.23,81.43,87.21,16.41,150.67,119.51,333.6,175.87,444.9,0.171,0.167,29
2022/6/7,82.93,80.63,81.31,82.25,18.47,136.29,120.57,326.2,171.11,442.6,0.164,0.35,64
2022/6/8,81.98,79.1,79.81,80.92,27.95,129.89,123.58,330,162.37,439.6,0.337,0.744,78
2022/6/9,82.2,79.41,81.01,80.25,19.64,150.61,123.07,323,170.13,434,0.114,0.41,80
2022/6/10,82.8,80.15,81.86,81.09,14.89,146.24,122.01,317.5,168.25,422.2,0.558,1.249,51
2022/6/13,82.24,79.81,81.54,82.1,16.78,153.71,122.27,317.15,168.19,412.6,0,0,43
2022/6/14,84.5,81.25,84.15,81.82,16.34,196.55,121.17,323,175.15,407.4,0.579,0.679,54
2022/6/15,86.98,83.16,86.2,83.76,18.14,257.78,118.51,332.45,190.24,413.3,0.561,0.221,46
2022/6/16,86.9,82.15,83,86.2,17.93,233.62,119.81,330.65,201.8,403.7,0.656,0.184,49
2022/6/17,84.18,81.8,82.37,82.9,14.47,201.8,113.12,335,199.87,407.89,0.462,0.54,38
2022/6/20,85.33,82.9,84,83.5,14.28,200.84,114.13,345.35,199.87,404.2,0.55,0.207,48
2022/6/21,85.43,83.54,84.73,84.33,14,205.86,114.65,345.5,212.81,405.9,0.979,0.208,56
2022/6/22,84.83,81.2,81.88,84.5,21.27,183.62,111.74,345.5,216.49,403.5,1.051,0.2,58
2022/6/23,84.25,81.55,84.13,81.75,16.81,186.84,110.05,350,217.93,400.2,0.426,0.226,58
2022/6/24,84.5,83.01,83.43,84.28,14.64,169.74,113.12,348.1,216.8,411.4,0.863,0.402,49
2022/6/27,85.74,83,85.05,84,15.67,171.91,115.09,372,218.13,413.2,0,0,65
2022/6/28,88.06,83.75,87.4,84.32,15.77,166.75,117.98,366.5,217.89,413.3,0.503,0.115,59
2022/6/29,90.13,87.11,88.35,87.42,20.93,174.12,116.26,364.75,218.03,411.1,0.334,0.17,57
2022/6/30,90.33,87.3,90.16,88.1,18.4,248.3,114.81,370,296.73,404.8,0.629,0.552,53
2022/7/1,90.35,85.01,85.58,89.32,18.4,240.94,111.63,369,281.33,404.5,0.986,0.555,42
2022/7/4,87.17,83.5,84.55,85.58,14.14,282.24,113.5,376,281.33,407.3,0.317,0.053,35
2022/7/5,84.99,82.52,83.19,84.99,14.86,290.43,102.77,380,301.87,398.2,0.208,0.201,47
2022/7/6,84.64,82.7,83.22,82.98,13.94,276.37,100.69,384.75,328.43,405.3,0.657,0.293,48
2022/7/7,85.46,82.76,84.92,83.5,15.02,298.32,104.65,385,352.16,413.5,0.47,0.152,46
2022/7/8,85,82.6,82.79,84.92,13.96,255.52,107.02,388.9,327.57,415.2,1.004,0.902,41
2022/7/11,84.62,82.7,84.36,82.77,11.9,222.24,107.1,390,318.17,413.3,0.231,0,47
2022/7/12,86.06,83.33,85.65,84.6,16.96,244.02,99.49,397.5,303.54,414.9,0.602,0.149,36
2022/7/13,86.57,83.56,83.86,86.01,14.3,269.73,99.57,395,309.32,411.1,0.806,0.436,46
2022/7/14,84.79,83.26,83.97,84.1,14.52,236.82,99.1,392.6,319.44,404.9,0.638,0.105,44
2022/7/15,85.74,83.51,85.38,83.53,14.3,200.29,101.16,385.05,310.67,412.3,0.445,0.411,28
2022/7/18,85.5,83.7,84.94,85.5,12.22,193.68,106.27,374,303.82,415.5,0.029,0.193,41
2022/7/19,85.2,82.8,83.65,85.2,20.97,216.53,107.35,375,303.92,422.1,0.318,0.245,36
2022/7/20,83.64,78.7,78.84,83.6,38.18,268.32,106.92,376.95,303.14,420.8,0.436,0.937,37
2022/7/21,79.8,77.65,78.11,79.2,31.89,296.13,103.86,376.05,301.59,422.2,0.148,0.067,32
2022/7/22,79.8,76,76.3,78.2,28.56,312.18,103.2,376.3,305.13,424.5,0.507,0.759,32
2022/7/25,78.42,75.49,76.37,76.12,22.15,320.47,105.15,387.35,304.52,424.8,0.219,0,36
2022/7/26,77.5,75.85,76.68,76.69,19.52,352.15,104.4,389.5,314.92,424.6,0.827,0.433,33
2022/7/27,77.79,75.78,76.14,76.61,14.5,371.62,106.62,387,315.68,426.9,0.789,1.015,30
2022/7/28,80.12,76.07,78.96,76.25,16.57,317.59,107.14,390.25,314.76,431.3,0,0,38
2022/7/29,79.5,77.54,78.55,78.96,18.6,351.92,110.01,388,315.98,437.1,1.013,0.082,17
2022/8/1,80.87,78.1,80.58,78.5,11.87,349.23,100.03,365.5,376.71,436.48,0,0,33
2022/8/2,82.25,79.64,81.95,80.15,19.58,361.48,100.54,366.05,394.35,435,0.259,0.168,30
2022/8/3,84.1,81.65,83.99,81.83,14.09,370.2,96.78,355,390.45,437,0.513,0.308,37
2022/8/4,84.85,83.28,84.19,83.6,17.59,379.17,94.12,329.5,388.54,437.7,0.192,0.097,36
2022/8/5,85.45,83.5,84.76,84.31,12.35,373.63,94.92,313.65,377.72,434.2,0.985,0.223,18
2022/8/8,85.5,83.65,83.81,85,12.98,355.14,96.65,320,352.38,438.1,0,0,38
2022/8/9,86.08,83.95,85.93,84.18,12.99,357.24,96.31,328.75,346.19,434.8,0.214,0.25,37
2022/8/10,86.3,84.25,85.92,85.5,14.48,389.82,97.4,342,369.01,439.4,0.322,0.222,31
2022/8/11,88.03,85.35,87.55,85.98,15.57,401.65,99.6,344,381.7,439.7,0.301,0.244,44
2022/8/12,89.25,86.82,88.87,86.9,16.55,395.8,98.15,350.5,376.41,440.7,0.417,0.193,24
2022/8/15,90.87,88.5,90.78,89.35,14.7,422.75,95.1,353.9,398.85,441.8,0,0,34
2022/8/16,92.66,90.07,92.08,90.07,18.19,442.34,92.34,358.05,422.54,442.8,0.207,0,28
2022/8/17,96.44,92.23,95.8,92.35,18.64,439.96,93.65,359.75,440.49,438.2,0.207,0.308,35
2022/8/18,97.49,92.7,96.04,96.25,19.87,456,96.59,365,444.43,440.4,0.151,0,39
2022/8/19,99.22,95.6,98.01,96.3,14.81,460.89,96.72,371.25,446.11,436.8,0.896,0.047,33
2022/8/22,98.69,90.85,92.17,98.5,20.61,526.36,95.81,377.75,460.3,432.7,0,0,36
2022/8/23,94.19,88.85,89.29,92.51,20.11,494.36,99.17,370,456.2,430.5,0.421,0.062,50
2022/8/24,91.39,88.37,89.24,90,16.69,546.78,100.34,371.25,456.49,432.1,0.24,0.588,35
2022/8/25,90.66,87.2,89.31,89.2,15.31,590.71,98.46,368,463.55,433.1,0.06,0.136,41
2022/8/26,90.49,88.06,90.31,89.04,12.41,640.36,99.01,368.8,465.08,425.8,0.614,0.493,45
2022/8/29,90.5,85.69,86.66,90.5,13.82,640.36,102.93,375.05,462.17,421.9,0.076,0,72
2022/8/30,86.89,79.92,80.81,86.28,30.59,449.87,97.84,365.75,465.18,419.4,0.066,0.273,69
2022/8/31,81.61,79,80.03,81.06,22.95,458.9,96.49,367,465.1,415.2,0.351,0.223,58
2022/9/1,81.35,77.45,80.79,80.41,28.26,483.74,92.36,370.25,449.92,407.1,0.363,0.138,44
2022/9/2,81.22,77.45,77.89,80.75,19.11,409.42,93.02,376,426.21,415.8,0.767,0.659,30
2022/9/5,77.49,73.7,74.45,77.49,29.61,462.6,95.74,392.5,426.21,413.2,1.056,0.257,17
2022/9/6,74.71,69.2,69.88,74,36.85,428.18,92.83,380,410.5,414,0.505,0.187,68
2022/9/7,71.11,68,69.03,69.51,28.87,404.06,88,363.05,402.38,412.5,0.78,0.478,55
2022/9/8,69.31,66,67.24,69.31,24.73,410.91,88.62,341,392.74,414.1,0.655,0.304,51
2022/9/9,67.95,65.55,66.08,67.05,19.89,378.29,92.84,337,381.97,420.8,0.709,0.673,53
2022/9/12,72.62,65.73,71.82,65.99,22.24,347.56,94,329,359.75,428,0.059,0.189,50
2022/9/13,72.44,68.01,69.75,71.99,24.2,365.25,93.17,336,362.79,421.3,0.267,0.405,52
2022/9/14,73.8,68.41,72.54,70.49,21.27,408.2,94.1,336,373.64,417.4,0.714,0.552,57
2022/9/15,72.55,70,71.85,72.38,27.11,386.55,90.84,337.2,373.65,415,0.687,0.537,36
2022/9/16,73.93,71.11,73.27,71.85,15.44,290.81,91.35,331,353.12,410.43,0.403,0.559,37
2022/9/19,73.8,70.15,71.1,73.32,18.64,282.41,92,334.25,343.1,407.5,0.07,0.038,34
2022/9/20,73,70.26,71.14,70.55,14.61,315.36,89.4,323.65,344.43,402.5,0.392,0.044,35
2022/9/21,71.79,69.1,69.79,71.79,16.73,295.62,88.8,324.05,344.98,406.6,0.741,1.262,54
2022/9/22,71.12,69.01,70.44,69.9,12.49,287.61,89.53,323.65,346.23,399,0.701,0.175,48
2022/9/23,70.3,65.35,65.77,70.01,22.61,286.58,85.03,323.65,341.52,389.6,1.692,0.397,29
2022/9/26,71.95,64.1,70.33,65.15,20.57,240.78,82.86,325.75,345.36,388.3,0.181,0,34
2022/9/27,71.1,67.37,67.96,70.33,16.53,255.65,84.87,325.6,347.41,387.8,1.027,0.37,47
2022/9/28,68.27,64.37,65.15,67.8,24.12,321.67,89.32,328.15,347.78,388.9,0.573,0.546,47
2022/9/29,66.86,64.14,65.73,65.53,19.93,255.91,88.49,328.15,346.12,381.8,0.819,0.806,31
2022/9/30,68.66,64.86,66.73,64.86,16.14,352.89,87.96,328.5,288.33,387.5,1.791,0.677,40
2022/10/3,66.73,64.25,65.94,66.55,14.31,297.49,88.86,328.5,239.83,390.1,0.181,0.046,46
2022/10/4,68.35,65.4,66.92,66.62,19.88,278.62,91.8,301,216.46,402.5,0.658,0.084,44
2022/10/5,71.36,66.54,67.07,67.72,19.79,315.61,93.37,294.35,213.81,398.3,0.383,0.491,45
2022/10/6,69.49,65.5,68.96,66.89,15.7,325.02,94.42,267.85,235.35,396.2,0.561,0.098,38
2022/10/7,70.39,67.63,69.85,69.2,15.42,285.04,97.92,261.6,220.13,391.2,1.165,0.78,54
2022/10/10,69.4,65.71,66.77,68.98,17.06,283.34,96.19,262,196.81,390.2,0.295,0.078,59
2022/10/11,67.4,65.65,66.34,66.9,16.72,286.2,94.29,265.85,191.43,387.4,0.735,0.132,41
2022/10/12,68.64,65.01,66.71,66.4,21.02,293.9,92.45,280.1,196.21,385.7,0.465,0.075,60
2022/10/13,69.5,65.75,68.84,66.37,26.08,281.37,94.57,272.5,191.1,389.2,0.692,0.264,46
2022/10/14,69,67.12,68.02,68.72,13.34,261.35,90.15,274,180.19,391.3,0.439,0.466,39
2022/10/17,68.63,66.26,67.51,68.01,16.57,232.25,90.18,270.5,168.3,398.3,0,0,63
2022/10/18,68.39,66.51,67.77,67.29,18,201.5,88.6,267,161.78,399.8,0.762,0.313,63
2022/10/19,69.69,66.99,67.29,67.25,19.13,182.71,90.56,268,165.12,397.9,0.543,0.052,46
2022/10/20,67.88,66.54,66.87,67.23,18.01,224,90.45,270,166.14,398.1,0.507,0.14,45
2022/10/21,69.42,66.66,68.72,66.71,12.84,204.12,91.34,270,161.97,396.3,0.572,0.09,54
2022/10/24,72.66,67.64,72.32,69,23.32,183.2,91.21,269.55,151.2,401.8,0,0,47
2022/10/25,77.8,71.99,77.11,72.41,31.49,185.2,91.74,270.05,150.68,407.4,0.831,0.081,50
2022/10/26,78.87,74.9,75.79,77.25,22.98,197.41,95.69,269.1,151.81,409.8,0.483,0.132,47
2022/10/27,81,74.9,80.21,75.26,26.46,215.88,96.96,267.9,151.84,410.4,0.515,0.111,53
2022/10/28,82.58,80.01,81.21,80.27,18.87,246.43,95.77,275.15,150.81,410.6,0.671,0.522,44
2022/10/31,82,78.15,79.97,81.77,13.8,300.74,94.83,219.25,207.57,412,0.283,0,43
2022/11/1,80.69,75.69,76.72,79.78,20,279.69,94.65,225.1,209.73,414.4,0.317,0.324,39
2022/11/2,78.57,76.08,76.7,77.16,13.91,305.44,96.16,229.5,220.2,413.2,0.36,0.229,52
2022/11/3,78.2,75.36,76.28,76.63,26.29,311.42,94.67,221,222.63,409.4,0.039,0.05,53
2022/11/4,79.5,76.17,76.36,76.5,20.66,283.03,98.57,216,203.25,417.3,1.457,1.061,54
2022/11/7,78.2,75.54,77.49,76.36,17.48,267.44,97.92,200.9,166.66,418.1,0,0,52
2022/11/8,77.79,75.55,76.06,77.75,22.83,283.81,95.36,191.5,163.91,421.5,0.284,0.262,49
2022/11/9,76.94,72.55,72.76,76.06,37.96,270.87,92.65,188.8,162.16,420.5,0.536,0.197,45
2022/11/10,74.29,70.5,73.05,72.5,27.27,266.39,93.67,190.65,165.62,432.7,0.554,0.32,53
2022/11/11,76.54,73.05,75.84,73.33,20.33,228.43,95.99,190.55,147.43,432.5,0.779,0.665,40
2022/11/14,76,74.59,75.23,75.69,20.13,272.88,93.14,194,152.16,432.7,0,0,60
2022/11/15,77.25,74,76.65,75.03,20.44,298.95,93.86,203.5,157.36,433.7,0.683,0.376,48
2022/11/16,77.41,73.08,73.41,77,30.68,269.73,92.86,197,148.44,430.2,0.657,0.139,48
2022/11/17,74.71,71.89,72.4,73.55,21.45,267.85,89.78,202,148.8,428.2,0.499,0.536,47
2022/11/18,73.99,71.95,72.47,72.38,19.32,271.51,87.62,207.65,146.78,433.3,0.353,0.57,51
2022/11/21,75.18,71.68,74.28,72.44,15.86,268.99,87.45,216.2,158.91,433.4,0.074,0,43
2022/11/22,74.7,73.44,73.87,74.7,12.48,274.29,88.36,213,164.75,436.6,0.701,0.165,45
2022/11/23,76.88,73.61,75.87,74.07,14.45,301.72,85.41,213.9,170.14,439.4,0.202,0.042,46
2022/11/24,78.75,75.64,78.69,76.05,14.09,291.69,85.34,213.8,170.14,441.2,0.341,0.041,50
2022/11/25,79.76,78.1,78.97,78.71,11.48,288.46,83.63,214.7,168.63,441.1,0.955,0.29,32
2022/11/28,79,76.92,78.59,78.92,17.25,291.28,83.19,249,173.41,438.4,0,0,61
2022/11/29,81.5,78.05,81.39,78.86,13.53,322.34,83.03,260,173.63,437.4,0.461,0.45,39
2022/11/30,85.25,80.81,84.9,81.12,26.55,369.65,85.43,279,315.62,440.6,0.213,0.468,66
2022/12/1,88.69,83.91,84.88,84.63,22.09,344.2,86.88,266,303.92,443.7,1.027,0.5,62
2022/12/2,87.98,84.45,87.98,85.03,16.95,336.31,85.55,267,288.6,443.9,1.181,0.369,39
2022/12/5,88.28,85.4,87.17,87.85,18.11,335.38,82.66,262.25,293.94,441.9,0,0,44
2022/12/6,89.48,86,88.61,87.13,19.77,346.32,79.67,266.65,305.12,439,0.343,0.202,39
2022/12/7,88.67,86.13,88.19,88.29,20.68,374.49,77.59,263.3,317.13,436.7,0.675,0.192,51
2022/12/8,89.54,87.62,88.93,88.15,17,349.59,76.59,256.5,313.54,436,0.277,0.238,48
2022/12/9,89.16,86.75,87.73,88.65,15.17,345.91,76.6,260.9,317.52,439.3,1.166,0.159,43
2022/12/12,90.41,87.4,89.81,87.5,17.5,339.05,78.34,250.25,292.32,437.5,0,0,56
2022/12/13,90.15,87.16,88.99,90.15,21.22,341.32,80.86,247,284.74,442.2,0.644,0.164,44
2022/12/14,89.4,84.76,86.19,88.44,24.19,324.89,82.75,240.6,277.93,442.6,0.524,0,52
2022/12/15,87.64,85,85.2,86.19,19.65,337.13,81.32,240,281.5,429.6,0.11,0.108,46
2022/12/16,86.33,83.07,83.68,85.24,14.7,288.42,79.49,234.2,268.35,424.39,0.525,0.534,45
2022/12/19,86.65,83.85,84.69,86.57,1.11,270.07,80.14,230.5,271.76,425.9,0,0,100
2022/12/20,88.02,83.85,86.87,84.6,0.73,262.56,80.53,230.45,269.32,423.8,0.591,0.157,85
2022/12/21,86.22,84.25,85.6,86.22,1.74,241.95,82.58,228,268.89,431.1,0.396,0.048,57
2022/12/22,87.95,84.95,86.85,85.71,0.49,226.9,81.67,229.5,265.05,426.8,0.503,0.161,52
2022/12/23,88.05,86.08,86.85,87.46,0.33,200.11,84.5,228.7,260.37,427.2,0.825,0.474,57
2022/12/27,88.5,85.55,86.08,85.92,0.3,200.11,84.68,223.35,254.2,428.5,0,0,30
2022/12/28,86.02,83.85,84.13,86.02,0.9,188.5,83.26,227.35,252.88,427.4,0,0,31
2022/12/29,83.85,81.87,82.36,83.85,0.47,194.21,82.26,227.85,252.45,430.2,0,0,23
2022/12/30,82.8,78.23,79.4,82,1.8,186.05,85.91,228.35,251.62,424.1,0.181,0.063,27
2023/1/2,83.68,80.17,83.67,80.17,0.21,186.05,85.91,228.35,251.62,431.7,0,0,32
2023/1/3,83,79.49,80.42,83,0.91,171.18,82.1,187.25,142.38,434.2,0,0,34
2023/1/4,80.29,75.24,75.4,80.29,0.75,153.08,77.84,178.75,126.42,440.1,0.048,0.261,59
2023/1/5,77.43,74.85,76.24,75.35,0.84,182.73,78.69,177.75,130.66,439.5,0.532,0.388,59
2023/1/6,77.33,75,75.55,76,0.43,170,78.57,172.3,124.81,444.6,0.418,0.366,36
2023/1/9,79.58,74.8,79.1,74.8,1.21,183.64,79.65,172.6,121.01,448.9,0,0,56
2023/1/10,79.79,77.94,78.38,79.74,1.75,171.3,80.1,172.1,118.16,445.7,0.429,0.281,64
2023/1/11,79.11,76.24,76.64,78.25,1.41,160.63,82.67,165,117.64,447.7,0.299,0.157,52
2023/1/12,77.9,76.25,77.76,76.73,0.11,167.42,84.03,172.7,124.68,450.7,0.591,0.4,59
2023/1/13,78,75.82,77.2,77.49,0.48,162.54,85.28,169,123.71,452.7,0.416,0.165,36
2023/1/16,76.98,75.07,75.07,76.8,0.73,136.76,84.46,168,123.71,454.9,0,0,43
2023/1/17,77.7,74.75,77.21,75.25,0.56,150.74,85.92,170,119.98,456.1,0.264,0.147,63
2023/1/18,81.42,76.85,81.42,76.9,1.03,153.88,84.98,175,119.49,457.2,0.54,0.138,47
2023/1/19,82.73,80.78,81.86,80.89,0.69,152.52,86.16,175,118.48,450.5,0.348,0.228,64
2023/1/20,82.72,81.01,82.6,81.92,0.84,168.9,87.63,174.45,118.3,451.8,0.406,0.117,53
2023/1/23,83.32,81.7,81.8,82.59,0.44,166.72,88.19,172.4,119.14,454.6,0,0,51
2023/1/24,82.21,79.1,79.62,81.93,0.65,147.66,86.13,170,117.85,453.6,0.357,0.189,74
2023/1/25,82.4,78.9,82.28,79.46,0.3,143.23,86.12,166.75,116.34,452.1,0.232,0.145,57
2023/1/26,86.9,81.65,86.81,82.19,0.95,139.22,87.47,166.4,116.08,453.8,0.401,0.239,55
2023/1/27,88,86.37,86.94,86.81,1.19,140.89,86.66,167.15,118.02,454.9,0.661,0.229,61
2023/1/30,87.56,85.84,87.21,87.05,1.54,139.81,84.9,139,117.83,454.2,0.225,0.151,61
2023/1/31,90.33,86.43,90.13,87.18,2.81,145.51,84.49,136.65,141.7,453.2,0.311,0.352,82
2023/2/1,94.26,90,92.65,90,0.61,152.07,82.84,142.1,142.79,452.5,0.172,0.151,62
2023/2/2,93.96,89.23,90.65,92.8,1.06,143.97,82.17,136.85,138.59,459,0.22,0,52
2023/2/3,92.98,90.41,90.9,91.82,0.75,147.89,79.94,138.5,141.52,460.1,1.239,0.74,45
2023/2/6,92.34,87.8,87.96,90.44,0.44,146.98,80.99,139.25,132.28,456.7,0.103,0,61
2023/2/7,88.36,86.5,87.9,88.2,0.29,140.04,83.69,136,129.15,457.4,0.682,0.366,63
2023/2/8,88.96,86.7,87.59,87.2,0.14,134.61,85.09,129.65,130.98,459,0.492,0.135,60
2023/2/9,89.92,87.23,88.49,87.6,0.53,131.53,84.5,128,131.93,461.8,0.544,0.247,80
2023/2/10,90.44,88,90.44,88,1.21,134.51,86.39,132,133.84,457.1,1.172,0.34,54
2023/2/13,90.63,89,89.35,90.1,0.24,128.94,86.61,132,129.15,461.7,0,0.349,73
2023/2/14,90.25,87.24,88.62,90.25,0.75,129.59,85.58,134,129.41,462.4,0.423,0.195,60
2023/2/15,91.58,88.1,91.51,88.51,2.06,137.25,85.38,136.5,128.83,464.4,0.361,0.49,66
2023/2/16,95.13,91.68,95.13,91.68,0.56,129.51,85.14,137,129.81,465.1,0.678,0.497,66
2023/2/17,95.42,92.55,93.33,94.95,0.6,120.96,83,136.5,129.17,463.7,0.654,0.381,53
2023/2/20,96.7,93.96,95.11,94.63,0.68,123.9,84.07,136.5,129.17,464.4,0,0,82
2023/2/21,97.99,94,97.12,95.43,0.53,120.06,83.05,137,129.07,463,0.452,0.605,67
2023/2/22,97.12,93.36,93.45,97.12,0.26,125.4,80.45,137.15,128.72,461.5,0.292,0.294,75
2023/2/23,94.98,93.26,93.84,93.47,0.8,126.22,81.95,139,127.95,462.4,0.453,0.203,64
2023/2/24,96.03,94.1,94.79,94.93,0.24,127.69,82.82,137.9,128.29,458.1,0.734,0.601,63
2023/2/27,96.94,95.31,96.9,95.64,0.55,118.19,82.45,148.15,128.31,462.5,0.026,0.093,82
2023/2/28,97.2,95.88,95.88,96.9,1.01,115.54,83.89,145.9,120.93,461,0.868,0.694,80
2023/3/1,96.26,93.52,93.8,96.1,0.39,118.69,84.31,143.85,119.71,457.2,0.252,0.349,64
2023/3/2,95,89.87,90.1,94.77,0.4,118.1,84.75,141.4,118.72,459.7,0.329,0.222,66
2023/3/3,90.17,88.47,89.27,90,0.71,113.18,85.83,131.75,114.46,464.3,0.613,0.76,62
2023/3/6,91.35,89.05,89.96,90.5,0.52,105.66,86.18,123,109.98,463.7,0,0,59
2023/3/7,93.59,91.11,92.87,91.12,1.28,108.75,83.29,124.5,110.3,460,0.527,0,58
2023/3/8,95.73,93.5,94.76,93.52,3.12,106.85,82.66,123.35,109.52,460.9,0.667,0.083,74
2023/3/9,96.64,93.86,95.4,95.75,1.56,109.59,81.59,126.75,111.24,460.1,1.015,0.172,81
2023/3/10,96.93,95.3,96.83,95.53,2.42,133.56,82.78,135,115.84,452.7,1.449,0.921,45
2023/3/13,96.3,92.37,92.99,96.3,2.06,125.08,80.77,138.65,109.67,442.7,0,0,64
2023/3/14,93.54,89.55,89.73,92.91,1.15,110.52,77.45,141,106.86,448.9,0.842,0.277,71
2023/3/15,91.23,86.53,86.65,90.36,1.93,106.3,73.28,138,103.74,435.3,0.159,0.557,64
2023/3/16,88.3,83.71,85.27,88.3,2.79,109.19,74.29,138,105.13,442.1,0.442,0.164,52
2023/3/17,87.07,83.43,85.57,85.68,0.64,103.97,72.77,134.5,103.42,443.23,0.353,0.426,51
2023/3/20,86,82.13,85.18,83.7,2.39,94.28,73.54,134.5,101.41,436,0.074,0,53
2023/3/21,88.4,85.69,87.38,86.16,2.19,103.37,75.03,139,102.58,442.2,0.198,0.266,58
2023/3/22,87.68,85.5,86.63,87.1,2.03,97.72,76.38,137.1,102.84,442.7,0.402,0.235,78
2023/3/23,90.4,87.45,90.18,87.45,1.51,106.54,75.91,135.8,102.92,441.7,0.65,0.495,36
2023/3/24,91.02,84.18,85.4,89.96,1.11,100.71,74.99,135.15,101.78,435.5,0.453,0.735,52
2023/3/27,89.19,86.73,88.13,88.02,13.64,104.75,78.12,136.75,101.73,440.8,0.185,0.087,64
2023/3/28,90.56,87.62,89.4,87.62,15.63,105.88,78.65,137.8,102.27,440.4,0.308,0.097,85
2023/3/29,91.1,89.33,90.02,89.47,12.36,105.63,78.28,137.75,102.35,445.8,0.642,0.377,62
2023/3/30,91.76,89.55,90.8,90.43,15.57,107.41,79.27,137.9,102.52,451.3,0.506,0.191,64
2023/3/31,92.89,90.71,91.75,90.93,14.19,118.03,79.77,137.8,110.32,454.5,0.698,0.458,46
2023/4/3,96.16,91.69,96,91.75,15.34,128.27,84.93,149,114.59,453.6,0.089,0,67
2023/4/4,97.35,94.63,94.98,96,15.77,114.86,84.94,144.05,112.07,453.5,0.038,0.089,63
2023/4/5,98,94.78,97.01,94.97,17.83,106.64,84.99,139,108.4,452.2,0.24,0.132,58
2023/4/6,97.9,96,96.75,97,17.83,102.31,85.12,135.1,104.01,455.4,0.206,0.225,47
2023/4/11,98.43,96.72,97.47,96.75,12.46,102.63,85.61,129.45,105.34,458.1,0,0,59
2023/4/12,98.21,95.09,96.27,97.53,16.89,100.8,87.33,133.8,104.13,458.9,0.18,0.086,63
2023/4/13,96.5,93.1,94.39,96.15,14.93,99.88,86.09,134.4,102.62,460.9,0.216,0.12,56
2023/4/14,94.99,93.16,94.11,94.39,11.55,98.46,86.31,135.9,102.52,463.4,1.006,0.632,47
2023/4/17,94.75,92.16,92.91,94.14,11.4,98.76,84.76,136,100.85,463.3,0.043,0.057,68
2023/4/18,95.6,92.33,95.15,92.98,14.37,101.92,84.77,137.05,100.99,465,0.561,0.187,87
2023/4/19,96.47,94.18,94.39,95.3,12.8,96.11,83.12,138,99.92,464.6,0.64,0.323,100
2023/4/20,94.66,91.18,91.74,94.45,18.42,95.6,81.1,138.65,100.82,463.8,0.35,0.104,99
2023/4/21,92.41,89.25,89.86,91.95,16.35,96.09,81.66,139.25,100.76,465.3,0.812,0.678,71
2023/4/24,90.11,87.59,88.56,90.11,17.79,95.3,82.73,138.75,102.01,466,0,0,91
2023/4/25,88.91,86.53,86.81,88.58,20.94,94.84,80.77,140,101.72,464.5,0.355,0.517,86
2023/4/26,87,85.16,86.24,86.9,19.49,90.41,77.69,140.15,101.09,460.4,0.824,0.606,65
2023/4/27,87.9,85.4,86.68,85.94,18.54,90.53,78.37,140,101.2,461.5,0.954,0.692,99
2023/4/28,88.11,86.13,87.65,86.49,11.92,88.53,79.54,140,101.08,464.1,0.733,0.496,73
2023/5/1,88.36,85.5,85.63,87.39,4.52,88.53,79.31,136.4,92.61,464.1,0,0,55
2023/5/2,90.82,85.42,88.52,85.66,21.01,85.36,75.32,136.1,91.68,458.7,0.23,0.459,71
2023/5/3,89.35,84,85.15,89,24.91,83.6,72.33,131.5,90.56,460.5,0.525,0.53,45
2023/5/4,85.71,83.25,84.5,85.29,17.53,80.51,72.5,125.3,89.21,458.5,0.317,0.299,62
2023/5/5,86.9,84.3,84.96,84.66,12,83.35,75.3,127.15,89.9,464,0.858,0.508,66
2023/5/8,85.99,84.5,85.59,85,6.33,83.35,77.01,127.15,90.97,466.1,0,0,77
2023/5/9,87.75,85.2,87.51,85.57,14.24,82.23,77.44,125,90.98,463.6,0.357,0.3,74
2023/5/10,89.75,87.2,89.06,87.69,16.36,80.56,76.41,122.45,90.7,462,0.468,0.213,73
2023/5/11,90.12,87.68,88.57,89.22,16.42,80.75,74.98,119.1,91.83,462.5,0.148,0.085,71
2023/5/12,89.67,88.14,88.93,88.54,9.38,75.93,74.17,119.45,91.6,464.5,0.956,1.136,67
2023/5/15,89.19,86.13,87.14,88.5,15.99,74.45,75.23,118.15,88.65,466,0.164,0.069,67
2023/5/16,89.2,86.66,88.93,87.14,13.11,73.65,74.91,117.5,87.64,464.1,0.037,0.144,91
2023/5/17,89.75,87.55,88.04,88.77,11.44,72.95,76.96,118.5,87.34,463.3,0.868,0.458,78
2023/5/18,90.21,87.92,89.65,88.49,9.13,67.78,75.86,116.9,86.13,466.6,0.101,0.077,53
2023/5/19,91.24,89.33,89.43,89.66,12.79,68.36,75.58,118.7,85.96,469.4,0.823,0.259,70
2023/5/22,89.71,86.77,87.25,89.43,15.35,66.36,75.99,119,83.49,469,0,0,73
2023/5/23,87.72,85.36,85.8,87.4,16.12,66.19,76.84,119,82.55,466.3,0.59,0.877,79
2023/5/24,86.26,84.55,84.79,85.81,13.8,64.37,78.36,118.4,82.55,457.1,0.311,0.139,75
2023/5/25,85.15,82.63,82.63,85.03,20.74,58.58,76.26,118.65,81.5,456.4,0.55,0.312,75
2023/5/26,83.37,81.94,83.13,82.75,14.76,57.36,76.95,118.1,81.61,461.5,0.607,0.769,54
2023/5/29,84.46,82.67,83,83.01,4.74,57.36,77.07,98.95,81.61,461,0,0,68
2023/5/30,83.34,80.36,80.38,83.05,24.55,58.29,73.54,93,81.72,456.7,0.359,0.069,98
2023/5/31,81.97,79.32,80.77,80.45,21.92,63.53,72.66,95.5,75.85,451.6,0.222,0.306,78
2023/6/1,81.1,78.47,78.95,80.78,22.48,54.27,74.28,93.95,71.22,455.6,0.241,0.252,49
2023/6/2,80.47,78.52,78.52,78.95,15.52,54.95,76.13,100.85,71.94,462.6,0.7,0.409,55
2023/6/5,83.25,78.01,82.86,79.05,23.97,67.22,76.71,111,81.31,460.3,0.081,0,71
2023/6/6,83.48,80.28,81.64,83,17.91,59.15,76.29,106.65,78.69,462,0.42,0,78
2023/6/7,84.19,80.1,83.86,81.64,18.61,62.27,76.95,110,79.37,461,0.485,0.283,82
2023/6/8,84.95,82.63,83.35,83.99,15.1,63.39,75.96,112.9,79.7,461,0.254,0.148,50
2023/6/9,87.3,83.5,86.14,83.75,17.41,77.76,74.79,115.75,85.22,459.9,0.754,0.032,43
2023/6/12,88.46,84.88,88.22,86.75,17.45,75.63,71.84,114.65,87.76,460.5,0,0,75
2023/6/13,91.03,86.91,90.72,88,30.35,91.72,74.29,117.5,91.32,463.9,0.24,0.275,66
2023/6/14,93.99,89.91,93.62,90.46,28.12,95.51,73.2,116.4,94.7,465.5,0.197,0.267,70
2023/6/15,95.18,91.51,92.93,93.51,29.19,103,75.67,116.45,95.68,464.5,0.639,0.523,68
2023/6/16,93.18,90.5,91.92,92.92,19.81,87.2,76.61,115.05,92.59,466.41,0.861,0.401,71
2023/6/19,93.65,90.3,93.23,91.7,15.15,86.14,76.09,114.05,92.59,463.8,0,0,70
2023/6/20,96,92.85,94.51,93.09,23.51,96.46,75.9,117.2,97.25,461.3,0.994,0.627,78
2023/6/21,95.4,90.39,90.85,94.41,27.35,91.82,77.12,116.75,94.78,459.1,0.397,0.054,69
2023/6/22,91.2,88.33,90.95,90.2,18.31,85.35,74.14,115.15,92.83,456.5,0.193,0.339,90
2023/6/23,90.9,87.55,87.55,90.9,14.05,80.28,73.85,114.6,93.12,454.5,0.799,0.445,54
2023/6/26,89.65,85.89,86.49,87.69,16.58,79.73,74.18,115,94.53,454.5,0,0,91
2023/6/27,89.17,85.8,89.09,86.49,14.66,85.16,72.26,115,94.59,454.9,0.616,0.452,88
2023/6/28,89.7,86.98,88.21,89.67,13.96,84.58,74.03,115,94.72,458.2,0.374,0.053,52
2023/6/29,88.82,87.24,88.13,87.34,12.33,86.43,74.34,114.9,94.76,458.3,0.163,0.21,67
2023/6/30,89.61,87.11,89.57,88.1,12.88,91.22,74.9,115.5,96.48,463.8,0.887,0.295,48
2023/7/3,89.83,87.18,87.58,89.12,13.06,83.65,74.65,121.45,88.17,462.7,0.07,0.2,60
2023/7/4,88.1,86.68,87.69,87.41,10.26,86.78,76.25,123.3,88.17,463.1,0.118,0.332,74
2023/7/5,87.32,85.71,85.81,87.06,15.08,84.49,76.65,123.6,86.38,459.4,0.388,0.1,49
2023/7/6,86.45,85.33,86.29,85.7,14.12,79.25,76.52,117.25,83.79,448.2,0.168,0.317,64
2023/7/7,87.85,85.83,86.15,86.05,12.12,81.86,78.47,116.35,82.66,449.1,0.494,0.341,65
2023/7/10,87.17,85.48,86.26,86.16,12.7,73.53,77.69,110.95,79.77,450,0.138,0.117,78
2023/7/11,87.22,85.11,87.05,86.34,15.21,70.51,79.4,105.9,79.01,453.2,1.023,0.564,69
2023/7/12,88.32,85.68,85.83,87.03,15.76,64.79,80.11,104.05,78.22,460.3,0.23,0.258,68
2023/7/13,86.96,85.32,85.88,85.86,11.32,64.46,81.36,103.65,76.7,463.1,0.622,0.111,42
2023/7/14,87.65,85.82,86.35,85.82,10.62,63.39,79.87,104.15,76.88,462.4,0.637,0.281,51
2023/7/17,86.81,85.18,86.78,85.93,12.73,61.59,78.5,104,76.67,459.6,0.25,0.078,62
2023/7/18,88.32,86.25,88.18,86.78,14.99,66.69,79.63,108.95,75.94,462.7,0.399,0.318,71
2023/7/19,89.4,87.05,88.98,88.1,15.48,67.87,79.46,108,75.16,463.7,0.849,0.184,71
2023/7/20,91.24,88.75,90.84,88.95,17.57,70.36,79.64,109.75,74.74,465.4,0.885,0.407,77
2023/7/21,92.3,90.33,91.82,90.8,14.12,70.82,81.07,110.5,75.65,466.7,0.769,0.549,64
2023/7/24,92.59,90.53,91.29,91.82,14.37,76.83,82.74,111.05,78.07,467.3,0.091,0.366,63
2023/7/25,92.52,91.14,92.34,91.25,14.27,81.39,83.64,111.15,78.29,469.4,0.369,0.096,64
2023/7/26,93.5,90.34,90.77,92.32,16.55,73.24,82.92,111.25,77.67,466.5,0.357,0.518,75
2023/7/27,91.28,89.23,90.92,90.79,15.51,70.02,84.24,111,77.48,473.4,0.312,0.259,71
2023/7/28,90.92,88.16,88.7,90.92,16.24,63.66,84.99,110.75,78,472.4,0.533,0.324,52
2023/7/31,89.42,86.37,86.81,88.34,15.97,70.75,85.56,105.25,78.39,472.8,0.106,0,64
2023/8/1,87.83,84.4,84.62,86.85,22.39,67.9,84.91,104.2,75.33,467.8,0.229,0.388,70
2023/8/2,84.99,83.01,83.2,84.65,21.26,72.16,83.2,105.25,75.66,461.3,0.061,0.305,42
2023/8/3,85.8,83.1,84.41,83.23,16.35,76.42,85.14,108.5,79.36,458.6,0.243,0.377,52
2023/8/4,85.63,83.3,83.41,84.99,11.73,72.93,86.24,108.25,78.76,460.4,0.412,0.4,21
2023/8/7,84.56,82.56,82.64,83.55,13.37,76.49,85.34,112.25,77.86,460.7,0,0,56
2023/8/8,84.47,82.31,83.97,82.7,14.58,78.14,86.17,114.75,79.7,459.4,0.167,0.291,71
2023/8/9,85.82,83.5,83.9,84.34,17.02,101.08,87.55,115.85,85.76,461.1,0.134,0.283,72
2023/8/10,85.21,83.03,84.55,84.24,12.82,94.25,86.4,117.5,83.91,465.5,0.663,0.632,50
2023/8/11,86.92,84,86.8,84.9,10.94,89.42,86.81,116.5,82.69,460.2,0.36,0.322,33
2023/8/14,88.13,86,87.95,86.57,13.26,86.83,86.21,115.6,81.76,461,0,0,60
2023/8/15,88.6,86.7,86.87,88.23,13.02,98.43,84.89,116.75,84.74,456.2,0.239,0.152,45
2023/8/16,88.89,87.35,88.58,87.64,15.6,95.28,83.45,115.85,84.85,456.1,0.129,0.142,75
2023/8/17,89.87,87.7,88.85,88.6,15.8,92.94,84.12,116,84.52,451.9,0.33,0.248,55
2023/8/18,89.09,87.27,88.05,88.68,12.86,90.89,84.8,116.75,84.72,449.5,0.741,0.253,65
2023/8/21,88.7,86.86,87.85,88.62,11.65,102.05,84.46,118.5,89.88,449.5,0.157,0.203,75
2023/8/22,90.39,87.76,90.01,87.85,19.57,106.1,84.03,118.8,94.56,452.9,0.241,0.11,85
2023/8/23,90.23,87.35,88,89.96,19.87,92.32,83.21,118.25,94.69,454.5,0.235,0.502,56
2023/8/24,87.35,85.1,85.21,87.35,18.77,80.32,83.36,118.15,93.08,452.6,0,0.312,68
2023/8/25,86.42,84.5,85.25,85.06,13.46,86.65,84.48,117.75,94.29,452.5,0.488,0.175,39
2023/8/28,86.5,84.79,85.6,85.4,8.13,86.65,84.42,124.5,94.35,457.8,0,0,65
2023/8/29,86.49,84.52,85,85.72,12.48,88.3,85.49,123.1,94.32,460.9,0.035,0,77
2023/8/30,86.63,84.64,86,84.91,13.34,89.81,85.86,122.25,94.32,460.2,0.431,0.385,61
2023/8/31,87.28,85.58,86.03,86.1,11.31,85.73,86.86,118.75,96.95,459.3,0.564,0.504,54
2023/9/1,86.32,85,85.64,86.03,11.95,86.76,88.55,116.9,96.76,458.8,0.621,0.576,63
2023/9/4,85.63,83.75,84.08,85.63,13.97,81.25,89,117.3,96.76,458.4,0.122,0.062,71
2023/9/5,84.81,83.6,83.91,84.18,16.54,83.46,90.04,119.35,95.22,457.5,0.442,0.403,77
2023/9/6,84.81,83.11,83.7,83.95,15.69,75.31,90.6,116.5,91.96,454.8,0.108,0.296,59
2023/9/7,84.28,82.67,83.29,83.67,16.85,79.48,89.92,116.65,93.04,454,0.538,0.397,100
2023/9/8,84,81.28,81.62,83.52,17.11,84.86,90.65,116.85,94.08,454.9,0.442,0.357,56
2023/9/11,82.51,81.36,81.73,81.79,13.8,89.81,90.64,117.2,97.42,456.7,0.062,0,84
2023/9/12,82.41,80.98,81.12,81.85,17.5,86.97,92.06,118.85,95.59,455.6,0.949,0.1,79
2023/9/13,83.83,80.57,83.76,81.25,22.49,92.3,91.88,120.85,93.39,454.5,0.402,0.213,67
2023/9/14,84.07,82.45,82.93,83.71,14.48,89.27,93.7,121.35,93.05,461.3,0.379,0.071,72
2023/9/15,84.09,81.86,82.1,82.88,14.31,92.14,93.93,122.25,92.13,464.51,0.156,0.079,72
2023/9/18,82.65,80.74,80.88,82.18,16.52,87.52,94.43,122.5,94.39,459.5,0,0,65
2023/9/19,81.69,80.55,81.3,80.97,12.94,93.59,94.34,122.5,96.92,459.3,0.363,0.179,82
2023/9/20,82.97,80.51,82.76,81.6,18.19,95.37,93.53,122.5,97.88,464.1,0.806,0.534,53
2023/9/21,84.61,81.7,84.43,82.7,16.17,100.57,93.3,122.25,99.45,457.6,0.602,0.128,56
2023/9/22,86.05,83.65,85.3,83.94,18.47,102.16,93.27,122.25,100.97,456.1,0.689,0.031,64
2023/9/25,85.95,84.77,84.89,85.95,14.09,112.73,93.29,122.55,100.95,453,0,0.148,73
2023/9/26,85.13,82.51,82.51,84.99,16.3,102.23,93.96,124,100.88,450.3,0.331,0.414,62
2023/9/27,83.05,81.61,81.86,83,14.84,99.41,96.55,123.15,101.35,449.4,0.509,0.417,70
2023/9/28,83.24,81.82,83.11,81.83,11.32,100.35,95.38,123,100.91,450.8,0.142,0.205,69
2023/9/29,83.24,81.42,81.45,83,11.38,105.4,95.31,123.3,100.72,453.2,0.373,0.482,52
2023/10/2,81.66,80.62,80.7,81.42,14.76,98.36,90.71,125.65,85.11,448.2,0.584,0,54
2023/10/3,80.91,79.52,79.8,80.7,23.91,92.23,90.92,120.8,77.55,443,0.248,0.563,59
2023/10/4,82.39,79.56,81.82,79.87,20.9,95.95,85.81,119.1,82.54,442.3,1.117,0.625,75
2023/10/5,82.37,80.3,80.86,81.85,15.01,89.87,84.07,119.5,78.75,443.6,0.896,0.3,56
2023/10/6,81.15,80,80.62,80.85,12.05,94.49,84.58,122.8,79.23,447.3,0.121,0.191,57
2023/10/9,81.96,80,81.63,80.65,16.51,109.29,88.15,126.5,91.01,445.9,0.13,0.13,65
2023/10/10,85.06,81.6,84.74,81.87,26.15,124.71,87.65,130.25,95.75,455,0.374,0.305,76
2023/10/11,85.03,83.5,83.78,84.68,21.43,116.62,85.82,130.25,91.8,455.6,0.154,0,72
2023/10/12,85.69,83.5,85.45,83.78,16.72,133.96,86,134.5,92.74,455.9,0.577,0.279,65
2023/10/13,86.6,84.73,85.66,85.23,22.82,136.7,90.89,138.4,91.68,451.1,0.835,0.098,55
2023/10/16,85.93,82.99,83.41,85.58,18.29,121.17,89.65,138.5,88.09,452.3,0.391,0.1,74
2023/10/17,83.66,81.45,82.65,83.29,16.43,122.03,89.9,138.5,83.9,451.7,0.69,0.438,74
2023/10/18,83.35,81.52,81.79,82.61,15.86,125.83,91.5,138.15,85.53,446.9,0.568,0.606,52
2023/10/19,82.24,80.84,82,81.7,17.07,123.63,92.38,137.5,86.29,441.5,0.101,0.101,72
2023/10/20,82.5,81.05,81.67,81.98,15.05,126.19,92.16,138,87.2,435.4,0.662,1.288,54
2023/10/23,81.5,80.06,80.3,81.39,17.53,126.75,89.83,137.25,86.64,434.7,0.155,0,56
2023/10/24,81.34,80.21,80.66,80.26,17.18,122.15,88.07,137.15,86.04,436.4,0.864,0.584,60
2023/10/25,80.98,79.75,79.93,80.74,18.43,124.21,90.13,135.8,86.56,436.7,0.312,0.152,83
2023/10/26,80.71,79.49,79.58,79.94,18.95,126.12,87.93,136,86.05,434.4,0.459,0.102,72
2023/10/27,80.36,79.3,79.36,79.64,15.86,125.78,90.48,136,88.16,430.9,0.872,0.449,59
2023/10/30,80.98,78.48,78.78,79.45,24.81,127.86,87.45,128.6,87.41,432.3,0.108,0.283,63
2023/10/31,79.5,78.15,79.41,78.65,21.72,124.07,87.41,123.5,92.26,434.8,0.186,0.343,68
2023/11/1,80.16,78.37,78.66,79.4,19.68,122.31,84.63,122.5,85.89,437.7,0.306,0.244,73
2023/11/2,79.2,76.24,79.06,78.35,34.24,124.47,86.85,124.1,81.12,444.8,0.096,0.039,69
2023/11/3,79.7,77.1,77.2,78.61,19.75,122.55,84.89,124.55,81.44,445.5,0.285,0.255,56
2023/11/6,77.48,75.6,75.88,77.48,18.33,113.66,85.18,120.25,82.56,444.7,0,0,60
2023/11/7,76.5,74.86,75.36,75.71,21.35,116.57,81.61,121,87.94,443.8,0.477,0.453,73
2023/11/8,76.38,74.84,75.4,75.28,19.63,116.12,79.54,125.1,87.87,445.2,0.442,0.423,73
2023/11/9,77.69,75.19,77.3,75.65,22.23,122.06,80.01,126.55,91.12,448.9,0.684,0.397,61
2023/11/10,78.85,76.29,78.5,77.69,18.97,117.77,81.43,124.7,89.13,444.3,0.639,0.2,61
2023/11/13,78.92,76.17,77.04,78.5,19.75,119.66,82.52,124.7,85.04,447.9,0.11,0.201,73
2023/11/14,79.09,76.6,78.57,77.39,19.81,119.11,82.47,124.7,83.83,453.8,1.05,0.575,90
2023/11/15,80.27,78.57,79.8,78.57,20.26,118.15,81.18,124.7,86.07,455.5,0.75,0.115,67
2023/11/16,79.89,76.49,77.2,79.8,23.12,115.47,77.42,124.7,84.12,452.4,0.513,0.063,90
2023/11/17,77.68,76.02,76.23,77.09,15.96,113.74,80.61,120.9,83.37,456.9,0.979,0.774,65
2023/11/20,77.8,76.15,76.66,76.63,15.54,116.27,82.32,122.5,89.26,457.3,0,0,87
2023/11/21,76.71,75.08,75.21,76.61,16.44,111.82,82.45,122.4,88.96,456.9,0.757,0.305,89
2023/11/22,76.2,74.88,75.1,75.37,18.87,113.05,81.96,122.85,88.99,458.3,1.228,0.524,85
2023/11/23,77.22,74.88,76.57,75.3,20.68,119.87,81.42,123.65,88.99,459.7,0.921,0.615,72
2023/11/24,77.19,76,76.46,76.68,13.7,119.79,80.58,123.75,90.07,461.1,0.807,0.33,54
2023/11/27,76.5,72.79,73.07,76.34,28.36,112.21,79.98,116.7,89.97,459.6,0.057,0,77
2023/11/28,73.71,72.01,72.5,73.04,23.92,108.68,81.68,114.85,90.72,458,0.58,0.13,92
2023/11/29,73.25,70.56,70.78,72.33,28.53,102.34,83.1,114.4,91.12,459.8,0.282,0.376,100
2023/11/30,71.71,70.44,70.56,70.55,26.25,107.13,82.83,118.9,89.93,462.1,0.218,0.656,87
2023/12/1,73.13,70.57,72.45,70.79,21.53,109.65,78.88,120.4,93.91,466.8,0.838,0.611,77
2023/12/4,72.08,70.15,70.43,72.03,31.64,100.76,78.03,118.9,88.71,466.4,0.246,0,88
2023/12/5,70.88,68.42,68.91,70.72,30.66,95.38,77.2,117.95,87.27,468.3,0.097,0.323,82
2023/12/6,70,68.37,68.96,69.11,23.02,98.25,74.3,120.75,88.05,471.3,0.491,0.857,92
2023/12/7,70.19,68.65,69.97,68.86,22.52,99.94,74.05,121.75,91.05,469.1,0.515,0.514,88
2023/12/8,70.76,68.45,68.62,70,22.24,97.1,75.84,122.9,90.52,472.8,0.917,0.577,55
2023/12/11,68.5,66.26,67.34,68.5,29.08,90.18,76.03,121.95,81.46,474.3,0.16,0.14,84
2023/12/12,68.6,66.88,68.24,67.3,23.04,86.7,73.24,117.8,77.29,472.9,0.045,0.213,96
2023/12/13,69.98,68.01,68.88,68.21,26.59,89.65,74.26,117.75,77.19,473,0.145,0.29,58
2023/12/14,70.16,65.99,66.73,69.12,23.65,86.8,76.61,117.75,74.23,477.1,0.218,0.143,71
2023/12/15,67.82,66.22,67.57,66.76,12.69,82.55,76.55,117,73.62,478.78,0.834,0.554,48
2023/12/18,71.38,67.03,69.61,68.26,4.27,88.74,77.95,117.2,72.29,478.2,0.061,0.128,70
2023/12/19,69.99,68.75,69.76,69.99,1.04,80.55,79.23,115.9,71.23,480.4,0.92,0.155,75
2023/12/20,73.55,69.75,73.2,69.75,1.45,83.4,79.7,115.95,72.07,481.5,1.02,0.321,49
2023/12/21,76.42,73.5,75.88,73.5,0.82,85.55,79.39,115.75,73.83,479.6,0.197,0.197,53
2023/12/22,77.08,75,76.94,75.88,0.45,85.32,79.07,116,72.88,480.6,1.182,0.502,41
2023/12/27,78.57,77.08,77.74,77.27,0.96,90.03,79.65,117.5,68.22,481.6,0,0,30
2023/12/28,78.02,76.98,77.94,77.69,0.94,83.56,78.39,117.25,68.28,480.4,0,0,38
2023/12/29,78.61,77.28,77.98,78,0.94,80.71,77.04,117.6,69.52,479.8,0,0,34
2024/1/2,78.22,73.04,74.09,78.17,0.69,76.27,75.89,106.15,89.29,480.3,0.059,0,53
2024/1/3,75.58,74.2,75.42,74.2,0.21,81.49,78.25,108.95,97.05,476,0.399,0.049,74
2024/1/4,76.1,73.1,73.78,75.45,1.39,83.86,77.59,112.3,96.17,479.8,0.129,0.091,42
2024/1/5,74.54,73.18,73.97,73.32,0.38,87.02,78.76,116,95.37,478.3,1.048,0.859,33
2024/1/8,73.75,69.89,69.96,73.68,0.78,78.76,76.12,113.2,85.79,479.7,0,0,61
2024/1/9,70.73,69.25,69.9,69.5,0.48,76.45,77.59,111.25,81.59,479,0.155,0.195,61
2024/1/10,70.5,67.47,67.72,70.3,0.75,77.13,76.8,109,80.95,478.3,0.392,0.107,61
2024/1/11,67.7,65.2,65.96,67.67,1.06,76.73,77.41,106.5,79.54,474.2,0.296,0.08,79
2024/1/12,66.93,63,63.8,66.93,0.51,79.92,78.29,108.8,79.65,478,0.874,0.452,60
2024/1/15,67.46,64.61,66.9,66,22.19,74.12,78.15,107.5,79.65,475.8,0.185,0.058,66
2024/1/16,67.4,65.05,65.49,66.98,22.43,73.52,78.29,107.75,78.55,474.1,1.037,0.266,64
2024/1/17,66.07,62.86,63.31,65.39,25.63,68.36,77.88,107.1,76.26,468.8,0.363,0.441,61
2024/1/18,64.13,62.5,63.28,63.09,18.19,68.42,79.1,107.05,76.41,471.5,0.136,0.826,75
2024/1/19,64.23,62.93,63.42,63.37,15.14,69.86,78.56,106,76.65,470.2,0.137,0.286,45
2024/1/22,63.03,60.86,62.41,63.03,21.64,66.91,80.06,105.35,74.97,474.1,0.065,0.034,72
2024/1/23,63.8,61.6,63.27,62,20.28,66.75,79.55,105.5,75.41,472.8,0.521,0.615,85
2024/1/24,66.1,63.16,65.8,63.36,25.09,71.37,80.04,105.8,76.47,478.3,0.842,0.371,74
2024/1/25,66.43,62.9,63.41,66.43,25.61,68.48,82.43,105.6,76.51,479.4,0.605,0.412,59
2024/1/26,65.03,62.1,63.1,63.15,21.96,69.35,83.55,106,76.18,485,0.922,0.763,71
2024/1/29,64.06,61.58,61.77,63.6,22.58,69.48,82.4,94.3,76.46,485.5,0.224,0.039,57
2024/1/30,64.02,61.3,64.02,61.63,22.87,73.09,82.87,96.15,76.57,486.7,0.985,0.593,74
2024/1/31,65.14,62.94,64.4,63.92,21.32,74.3,81.71,99.6,73.68,486.8,0.867,0.406,65
2024/2/1,64.87,62.1,62.32,64.16,22.15,71.25,78.7,97.3,69.17,484,0.832,0.232,73
2024/2/2,64.37,61.9,63.5,62.05,17.96,71.48,77.33,98.4,69.48,484.6,0.532,0.403,67
2024/2/5,64.31,62.07,62.59,63.8,19.16,69.33,77.99,98.15,70.5,483.8,0.154,0.366,76
2024/2/6,63.97,62,63.49,62.79,19.28,70.09,78.59,98.6,71.9,487.7,0.29,0.304,69
2024/2/7,63.68,62.25,62.32,63.35,17.67,68.98,79.21,98.6,70.48,485.8,0.665,0.644,81
2024/2/8,62.5,60.27,60.71,62.5,26.07,68.35,81.63,97.65,68.12,485.5,1.005,0.376,85
2024/2/9,60.5,58.2,58.8,60.5,26.39,66.42,82.19,96,64.65,485.1,0.876,0.756,53
2024/2/12,58.8,56.59,57.2,58.64,24.58,62.65,82,94.5,62.03,487.7,0.203,0.145,74
2024/2/13,57.89,55.65,56.65,57.2,23.8,62.19,82.77,94.1,61.37,483,0.396,0.509,74
2024/2/14,57.57,55.41,56.44,56.43,23.61,61.07,81.6,93.8,59.98,485.3,0.494,0.402,72
2024/2/15,59.05,56.13,57.95,56.44,28.07,61.1,82.86,94.45,59.04,488.4,0.316,0.341,75
2024/2/16,58.21,56.29,57.11,57.95,20.13,60.56,83.47,94.5,58.65,491.9,0.746,0.24,62
2024/2/19,57.11,52.9,53.14,57.11,29.61,57.93,83.56,94.4,58.65,492.6,0.51,0.467,86
2024/2/20,55.04,51.86,54.21,53.5,30.45,59.29,82.34,94.55,59.94,492,0.311,0.371,78
2024/2/21,54.98,53.28,54.51,54.05,18.58,59.12,83.03,95.25,60.87,490.8,0.625,0.286,98
2024/2/22,54.48,52.37,52.59,54.48,22.36,57.3,83.67,95.7,60.5,495.6,0.548,0.047,72
2024/2/23,53.01,51.12,52.51,52.9,26.23,56.46,81.62,95.55,61.32,497.2,0.647,1.178,48
